# Blender 4.4.3
# www.blender.org
mtllib 11.10.2025_moo_deng.mtl
o Body
v 0.000000 1.519820 -0.772425
v 0.000000 1.311106 -1.043789
v 0.000000 1.038407 -1.155669
v 0.000000 0.890824 -1.168253
v 0.000000 0.743241 -1.155669
v 0.000000 0.470542 -1.043789
v 0.017549 1.632776 -0.268948
v 0.049324 1.589727 -0.527561
v 0.078608 1.519820 -0.756817
v 0.104275 1.425741 -0.915154
v 0.125340 1.311106 -1.020944
v 0.140993 1.180319 -1.090068
v 0.150631 1.038407 -1.129172
v 0.153886 0.890824 -1.141245
v 0.150631 0.743241 -1.129172
v 0.140993 0.601329 -1.090068
v 0.125340 0.470542 -1.020944
v 0.104275 0.356284 -0.915194
v 0.078608 0.274562 -0.758181
v 0.049324 0.234534 -0.532127
v 0.017549 0.213543 -0.275877
v 0.049324 1.632776 -0.253344
v 0.111653 1.589727 -0.496952
v 0.169095 1.519820 -0.716018
v 0.219444 1.425741 -0.869870
v 0.260764 1.311106 -0.971807
v 0.291467 1.180319 -1.037627
v 0.310375 1.038407 -1.074869
v 0.316759 0.890824 -1.086844
v 0.310375 0.743241 -1.074869
v 0.291467 0.601329 -1.037627
v 0.260764 0.470542 -0.971807
v 0.219444 0.357203 -0.870009
v 0.169095 0.278104 -0.717762
v 0.111653 0.238261 -0.501917
v 0.049324 0.214816 -0.260409
v 0.078608 1.632776 -0.228003
v 0.169095 1.589727 -0.447245
v 0.252488 1.519820 -0.648660
v 0.325583 1.425741 -0.800293
v 0.385571 1.311106 -0.902574
v 0.430146 1.180319 -0.969538
v 0.457595 1.038407 -1.008118
v 0.466863 0.890824 -1.020803
v 0.457595 0.743241 -1.008118
v 0.430146 0.601329 -0.969538
v 0.385571 0.470542 -0.902574
v 0.325583 0.358798 -0.800603
v 0.252488 0.282928 -0.650920
v 0.169095 0.242243 -0.452636
v 0.078608 0.215327 -0.235123
v 0.104275 1.632776 -0.193901
v 0.219444 1.589727 -0.380350
v 0.325583 1.519820 -0.552183
v 0.418616 1.425741 -0.697856
v 0.494965 1.311106 -0.801125
v 0.551698 1.180319 -0.870264
v 0.586634 1.038407 -0.910583
v 0.598431 0.890824 -0.923910
v 0.586634 0.743241 -0.910583
v 0.551698 0.601329 -0.870264
v 0.494965 0.470542 -0.801125
v 0.418616 0.361612 -0.698467
v 0.325583 0.288820 -0.555075
v 0.219444 0.245500 -0.386091
v 0.104275 0.215327 -0.201021
v 0.125340 1.632776 -0.152347
v 0.260764 1.589727 -0.298839
v 0.385571 1.519820 -0.433847
v 0.494965 1.425741 -0.552183
v 0.584743 1.311106 -0.648931
v 0.651454 1.180319 -0.717013
v 0.692534 1.038407 -0.757110
v 0.706405 0.890824 -0.770399
v 0.692534 0.743241 -0.757110
v 0.651454 0.601329 -0.717013
v 0.584743 0.470663 -0.648944
v 0.494965 0.365958 -0.553260
v 0.385571 0.293621 -0.437254
v 0.260764 0.247445 -0.304788
v 0.125340 0.215327 -0.159467
v 0.000000 1.647311 -0.000000
v 0.140993 1.632776 -0.104938
v 0.291467 1.589727 -0.205844
v 0.430146 1.519820 -0.298839
v 0.551698 1.425741 -0.380350
v 0.651454 1.311106 -0.447244
v 0.725579 1.180319 -0.496952
v 0.771225 1.038407 -0.527561
v 0.786638 0.890824 -0.537896
v 0.771225 0.743241 -0.527561
v 0.725579 0.601329 -0.496952
v 0.651454 0.472072 -0.447408
v 0.551698 0.370257 -0.381888
v 0.430146 0.297589 -0.302671
v 0.291467 0.248784 -0.211937
v 0.140993 0.215327 -0.112059
v 0.150631 1.632776 -0.053497
v 0.310375 1.589727 -0.104938
v 0.457595 1.519820 -0.152347
v 0.586634 1.425741 -0.193901
v 0.692534 1.311106 -0.228003
v 0.771225 1.180319 -0.253344
v 0.819682 1.038407 -0.268948
v 0.836044 0.890824 -0.274217
v 0.819682 0.743241 -0.268948
v 0.771225 0.601329 -0.253344
v 0.692534 0.473827 -0.228355
v 0.586634 0.373313 -0.195766
v 0.457595 0.299841 -0.156420
v 0.310375 0.249404 -0.111097
v 0.150631 0.215327 -0.060617
v 0.153886 1.632776 0.000000
v 0.316759 1.589727 0.000000
v 0.466863 1.519820 0.000000
v 0.598431 1.425741 -0.000000
v 0.706405 1.311106 0.000000
v 0.786638 1.180319 -0.000000
v 0.836045 1.038407 0.000000
v 0.852727 0.890824 0.000000
v 0.836045 0.743241 0.000000
v 0.786638 0.601329 -0.000000
v 0.706405 0.474531 -0.000427
v 0.598431 0.374385 -0.001980
v 0.466863 0.300725 -0.004167
v 0.316759 0.249851 -0.006207
v 0.153886 0.215327 -0.007120
v 0.150631 1.632776 0.053497
v 0.310375 1.589727 0.104938
v 0.457595 1.519820 0.152347
v 0.586634 1.425741 0.193901
v 0.692534 1.311106 0.228003
v 0.771225 1.180319 0.253344
v 0.819682 1.038407 0.268948
v 0.836044 0.890824 0.274217
v 0.819682 0.743241 0.268948
v 0.771225 0.601329 0.253344
v 0.692534 0.473827 0.227652
v 0.586634 0.373313 0.192036
v 0.457595 0.299841 0.148274
v 0.310375 0.249404 0.098780
v 0.150631 0.215327 0.046377
v 0.140993 1.632776 0.104938
v 0.291467 1.589727 0.205844
v 0.430146 1.519820 0.298839
v 0.551698 1.425741 0.380350
v 0.651454 1.311106 0.447245
v 0.725579 1.180319 0.496951
v 0.771225 1.038407 0.527561
v 0.786637 0.890824 0.537897
v 0.771225 0.743241 0.527561
v 0.725579 0.601329 0.496951
v 0.651454 0.472072 0.447081
v 0.551698 0.370257 0.378813
v 0.430146 0.297589 0.295008
v 0.291467 0.248784 0.199752
v 0.140993 0.215327 0.097818
v 0.125340 1.632776 0.152347
v 0.260764 1.589727 0.298839
v 0.385571 1.519820 0.433847
v 0.494965 1.425741 0.552183
v 0.584743 1.311756 0.649365
v 0.651454 1.188194 0.722263
v 0.692534 1.053966 0.767482
v 0.706405 0.909419 0.782796
v 0.692534 0.758799 0.767482
v 0.651454 0.609204 0.722263
v 0.584743 0.471270 0.649356
v 0.494965 0.365738 0.551130
v 0.385571 0.293604 0.430443
v 0.260764 0.247445 0.292890
v 0.125340 0.215327 0.145227
v 0.104275 1.632776 0.193901
v 0.219444 1.590762 0.381385
v 0.325583 1.525763 0.558126
v 0.418616 1.436240 0.705440
v 0.494965 1.355843 0.830950
v 0.551698 1.265249 0.926884
v 0.586634 1.152082 0.986366
v 0.598430 1.014711 1.006502
v 0.586634 0.856915 0.986366
v 0.551698 0.686259 0.926884
v 0.494965 0.515279 0.830950
v 0.418616 0.368825 0.703238
v 0.325583 0.287117 0.549473
v 0.219444 0.244250 0.374744
v 0.104275 0.215327 0.186781
v 0.078608 1.632776 0.228003
v 0.169095 1.597330 0.454847
v 0.252488 1.542348 0.670810
v 0.325583 1.484595 0.843743
v 0.385571 1.434400 0.985057
v 0.430146 1.375384 1.099581
v 0.457595 1.282902 1.171114
v 0.466863 1.152613 1.195329
v 0.457595 0.987735 1.171114
v 0.430146 0.796394 1.099581
v 0.385571 0.592973 0.984194
v 0.325583 0.402443 0.831065
v 0.252488 0.281194 0.647460
v 0.169095 0.239402 0.442157
v 0.078608 0.214708 0.220949
v 0.049324 1.632776 0.253344
v 0.111652 1.604951 0.512175
v 0.169095 1.565796 0.758782
v 0.219444 1.533346 0.948933
v 0.260764 1.504938 1.101956
v 0.291467 1.467273 1.228929
v 0.310374 1.390241 1.309424
v 0.316758 1.265627 1.336712
v 0.310374 1.095074 1.309424
v 0.291467 0.888283 1.228929
v 0.260764 0.661590 1.099172
v 0.219444 0.441533 0.926955
v 0.169095 0.283594 0.721142
v 0.111652 0.234261 0.492415
v 0.049324 0.213179 0.246454
v 0.017549 1.632776 0.268948
v 0.049324 1.609032 0.546866
v 0.078608 1.578618 0.810256
v 0.104275 1.554498 1.008715
v 0.125340 1.534938 1.170845
v 0.140993 1.505250 1.306689
v 0.150631 1.432981 1.392220
v 0.153886 1.310914 1.421304
v 0.150631 1.137814 1.392220
v 0.140993 0.926260 1.306689
v 0.125340 0.692335 1.168805
v 0.104275 0.461491 0.985543
v 0.078608 0.285912 0.766677
v 0.049324 0.229749 0.523508
v 0.017549 0.211154 0.262275
v 0.000000 1.632776 0.274217
v 0.000000 1.608707 0.556876
v 0.000000 1.577550 0.825152
v 0.000000 1.552904 1.027395
v 0.000000 1.534011 1.192993
v 0.000000 1.505063 1.331622
v 0.000000 1.432966 1.418708
v 0.000000 1.310914 1.448312
v 0.000000 1.137799 1.418708
v 0.000000 0.926072 1.331622
v 0.000000 0.691646 1.191191
v 0.000000 0.460182 1.004507
v 0.000000 0.282905 0.781781
v 0.000000 0.226957 0.534143
v 0.000000 0.209923 0.267676
v 0.000000 0.200792 -0.007120
v 0.000000 1.632776 -0.274217
v 0.000000 1.589727 -0.537896
v 0.000000 1.425741 -0.934991
v 0.000000 1.180319 -1.115126
v 0.000000 0.601329 -1.115126
v 0.000000 0.355945 -0.934995
v 0.000000 0.272405 -0.773558
v 0.000000 0.232142 -0.542206
v 0.000000 0.212628 -0.281048
v 0.414860 0.003518 0.827574
v 0.414860 0.855973 0.910677
v 0.414860 0.024924 0.503908
v 0.414860 0.855973 0.589305
v 0.736233 0.003194 0.827609
v 0.641043 0.855973 0.863268
v 0.736233 0.003535 0.506200
v 0.641043 0.855973 0.614846
v 0.414860 0.429584 0.910677
v 0.414860 0.438764 0.588321
v 0.715981 0.429584 0.613289
v 0.715981 0.429584 0.904047
v 0.348302 0.014761 0.665683
v 0.348302 0.855973 0.749991
v 0.802791 0.003194 0.666923
v 0.692493 0.855973 0.739057
v 0.776198 0.429584 0.758668
v 0.348302 0.431801 0.749754
v 0.575546 0.014835 0.438431
v 0.549300 0.855973 0.554248
v 0.575546 0.003194 0.894167
v 0.516832 0.855973 0.914718
v 0.575546 0.429584 0.977236
v 0.575546 0.433557 0.522321
v 0.575546 0.855973 0.749991
v 0.575546 0.004724 0.666759
v 0.414860 0.015427 -0.633337
v 0.414860 0.855973 -0.580603
v 0.414860 0.003194 -0.953399
v 0.414860 0.855973 -0.901975
v 0.736233 0.003194 -0.632026
v 0.641043 0.855973 -0.628012
v 0.736233 0.003194 -0.953399
v 0.610746 0.855973 -0.857447
v 0.414860 0.440085 -0.581728
v 0.414860 0.429584 -0.901975
v 0.715981 0.429584 -0.877991
v 0.715981 0.429584 -0.587233
v 0.348302 0.006970 -0.793117
v 0.348302 0.855973 -0.741289
v 0.802791 0.003194 -0.792712
v 0.692493 0.855973 -0.752223
v 0.776198 0.429584 -0.732612
v 0.348302 0.433251 -0.741682
v 0.575546 0.003194 -1.019957
v 0.549300 0.855973 -0.937032
v 0.575546 0.008763 -0.566064
v 0.516832 0.855973 -0.576562
v 0.575546 0.433860 -0.514502
v 0.575546 0.429584 -0.968534
v 0.575546 0.855973 -0.741289
v 0.575546 0.003194 -0.792712
v 0.080936 1.201922 -1.054483
v 0.080936 1.328821 -1.004557
v 0.012695 0.864356 -1.211586
v 0.055082 1.082301 -1.189575
v 0.000000 1.048051 -1.200479
v 0.000000 1.201922 -1.054483
v 0.000000 1.328821 -1.017125
v 0.058305 1.101264 -1.109984
v 0.080936 1.240130 -1.092409
v 0.000000 1.240130 -1.092409
v 0.000000 1.107336 -1.109984
v 0.000000 0.858367 -1.211586
v -0.017549 1.632776 -0.268948
v -0.049324 1.589727 -0.527561
v -0.078608 1.519820 -0.756817
v -0.104275 1.425741 -0.915154
v -0.125340 1.311106 -1.020944
v -0.140993 1.180319 -1.090068
v -0.150631 1.038407 -1.129172
v -0.153886 0.890824 -1.141245
v -0.150631 0.743241 -1.129172
v -0.140993 0.601329 -1.090068
v -0.125340 0.470542 -1.020944
v -0.104275 0.356284 -0.915194
v -0.078608 0.274562 -0.758181
v -0.049324 0.234534 -0.532127
v -0.017549 0.213543 -0.275877
v -0.049324 1.632776 -0.253344
v -0.111653 1.589727 -0.496952
v -0.169095 1.519820 -0.716018
v -0.219444 1.425741 -0.869870
v -0.260764 1.311106 -0.971807
v -0.291467 1.180319 -1.037627
v -0.310375 1.038407 -1.074869
v -0.316759 0.890824 -1.086844
v -0.310375 0.743241 -1.074869
v -0.291467 0.601329 -1.037627
v -0.260764 0.470542 -0.971807
v -0.219444 0.357203 -0.870009
v -0.169095 0.278104 -0.717762
v -0.111653 0.238261 -0.501917
v -0.049324 0.214816 -0.260409
v -0.078608 1.632776 -0.228003
v -0.169095 1.589727 -0.447245
v -0.252488 1.519820 -0.648660
v -0.325583 1.425741 -0.800293
v -0.385571 1.311106 -0.902574
v -0.430146 1.180319 -0.969538
v -0.457595 1.038407 -1.008118
v -0.466863 0.890824 -1.020803
v -0.457595 0.743241 -1.008118
v -0.430146 0.601329 -0.969538
v -0.385571 0.470542 -0.902574
v -0.325583 0.358798 -0.800603
v -0.252488 0.282928 -0.650920
v -0.169095 0.242243 -0.452636
v -0.078608 0.215327 -0.235123
v -0.104275 1.632776 -0.193901
v -0.219444 1.589727 -0.380350
v -0.325583 1.519820 -0.552183
v -0.418616 1.425741 -0.697856
v -0.494965 1.311106 -0.801125
v -0.551698 1.180319 -0.870264
v -0.586634 1.038407 -0.910583
v -0.598431 0.890824 -0.923910
v -0.586634 0.743241 -0.910583
v -0.551698 0.601329 -0.870264
v -0.494965 0.470542 -0.801125
v -0.418616 0.361612 -0.698467
v -0.325583 0.288820 -0.555075
v -0.219444 0.245500 -0.386091
v -0.104275 0.215327 -0.201021
v -0.125340 1.632776 -0.152347
v -0.260764 1.589727 -0.298839
v -0.385571 1.519820 -0.433847
v -0.494965 1.425741 -0.552183
v -0.584743 1.311106 -0.648931
v -0.651454 1.180319 -0.717013
v -0.692534 1.038407 -0.757110
v -0.706405 0.890824 -0.770399
v -0.692534 0.743241 -0.757110
v -0.651454 0.601329 -0.717013
v -0.584743 0.470663 -0.648944
v -0.494965 0.365958 -0.553260
v -0.385571 0.293621 -0.437254
v -0.260764 0.247445 -0.304788
v -0.125340 0.215327 -0.159467
v -0.140993 1.632776 -0.104938
v -0.291467 1.589727 -0.205844
v -0.430146 1.519820 -0.298839
v -0.551698 1.425741 -0.380350
v -0.651454 1.311106 -0.447244
v -0.725579 1.180319 -0.496952
v -0.771225 1.038407 -0.527561
v -0.786638 0.890824 -0.537896
v -0.771225 0.743241 -0.527561
v -0.725579 0.601329 -0.496952
v -0.651454 0.472072 -0.447408
v -0.551698 0.370257 -0.381888
v -0.430146 0.297589 -0.302671
v -0.291467 0.248784 -0.211937
v -0.140993 0.215327 -0.112059
v -0.150631 1.632776 -0.053497
v -0.310375 1.589727 -0.104938
v -0.457595 1.519820 -0.152347
v -0.586634 1.425741 -0.193901
v -0.692534 1.311106 -0.228003
v -0.771225 1.180319 -0.253344
v -0.819682 1.038407 -0.268948
v -0.836044 0.890824 -0.274217
v -0.819682 0.743241 -0.268948
v -0.771225 0.601329 -0.253344
v -0.692534 0.473827 -0.228355
v -0.586634 0.373313 -0.195766
v -0.457595 0.299841 -0.156420
v -0.310375 0.249404 -0.111097
v -0.150631 0.215327 -0.060617
v -0.153886 1.632776 0.000000
v -0.316759 1.589727 0.000000
v -0.466863 1.519820 0.000000
v -0.598431 1.425741 -0.000000
v -0.706405 1.311106 0.000000
v -0.786638 1.180319 -0.000000
v -0.836045 1.038407 0.000000
v -0.852727 0.890824 0.000000
v -0.836045 0.743241 0.000000
v -0.786638 0.601329 -0.000000
v -0.706405 0.474531 -0.000427
v -0.598431 0.374385 -0.001980
v -0.466863 0.300725 -0.004167
v -0.316759 0.249851 -0.006207
v -0.153886 0.215327 -0.007120
v -0.150631 1.632776 0.053497
v -0.310375 1.589727 0.104938
v -0.457595 1.519820 0.152347
v -0.586634 1.425741 0.193901
v -0.692534 1.311106 0.228003
v -0.771225 1.180319 0.253344
v -0.819682 1.038407 0.268948
v -0.836044 0.890824 0.274217
v -0.819682 0.743241 0.268948
v -0.771225 0.601329 0.253344
v -0.692534 0.473827 0.227652
v -0.586634 0.373313 0.192036
v -0.457595 0.299841 0.148274
v -0.310375 0.249404 0.098780
v -0.150631 0.215327 0.046377
v -0.140993 1.632776 0.104938
v -0.291467 1.589727 0.205844
v -0.430146 1.519820 0.298839
v -0.551698 1.425741 0.380350
v -0.651454 1.311106 0.447245
v -0.725579 1.180319 0.496951
v -0.771225 1.038407 0.527561
v -0.786637 0.890824 0.537897
v -0.771225 0.743241 0.527561
v -0.725579 0.601329 0.496951
v -0.651454 0.472072 0.447081
v -0.551698 0.370257 0.378813
v -0.430146 0.297589 0.295008
v -0.291467 0.248784 0.199752
v -0.140993 0.215327 0.097818
v -0.125340 1.632776 0.152347
v -0.260764 1.589727 0.298839
v -0.385571 1.519820 0.433847
v -0.494965 1.425741 0.552183
v -0.584743 1.311756 0.649365
v -0.651454 1.188194 0.722263
v -0.692534 1.053966 0.767482
v -0.706405 0.909419 0.782796
v -0.692534 0.758799 0.767482
v -0.651454 0.609204 0.722263
v -0.584743 0.471270 0.649356
v -0.494965 0.365738 0.551130
v -0.385571 0.293604 0.430443
v -0.260764 0.247445 0.292890
v -0.125340 0.215327 0.145227
v -0.104275 1.632776 0.193901
v -0.219444 1.590762 0.381385
v -0.325583 1.525763 0.558126
v -0.418616 1.436240 0.705440
v -0.494965 1.355843 0.830950
v -0.551698 1.265249 0.926884
v -0.586634 1.152082 0.986366
v -0.598430 1.014711 1.006502
v -0.586634 0.856915 0.986366
v -0.551698 0.686259 0.926884
v -0.494965 0.515279 0.830950
v -0.418616 0.368825 0.703238
v -0.325583 0.287117 0.549473
v -0.219444 0.244250 0.374744
v -0.104275 0.215327 0.186781
v -0.078608 1.632776 0.228003
v -0.169095 1.597330 0.454847
v -0.252488 1.542348 0.670810
v -0.325583 1.484595 0.843743
v -0.385571 1.434400 0.985057
v -0.430146 1.375384 1.099581
v -0.457595 1.282902 1.171114
v -0.466863 1.152613 1.195329
v -0.457595 0.987735 1.171114
v -0.430146 0.796394 1.099581
v -0.385571 0.592973 0.984194
v -0.325583 0.402443 0.831065
v -0.252488 0.281194 0.647460
v -0.169095 0.239402 0.442157
v -0.078608 0.214708 0.220949
v -0.049324 1.632776 0.253344
v -0.111652 1.604951 0.512175
v -0.169095 1.565796 0.758782
v -0.219444 1.533346 0.948933
v -0.260764 1.504938 1.101956
v -0.291467 1.467273 1.228929
v -0.310374 1.390241 1.309424
v -0.316758 1.265627 1.336712
v -0.310374 1.095074 1.309424
v -0.291467 0.888283 1.228929
v -0.260764 0.661590 1.099172
v -0.219444 0.441533 0.926955
v -0.169095 0.283594 0.721142
v -0.111652 0.234261 0.492415
v -0.049324 0.213179 0.246454
v -0.017549 1.632776 0.268948
v -0.049324 1.609032 0.546866
v -0.078608 1.578618 0.810256
v -0.104275 1.554498 1.008715
v -0.125340 1.534938 1.170845
v -0.140993 1.505250 1.306689
v -0.150631 1.432981 1.392220
v -0.153886 1.310914 1.421304
v -0.150631 1.137814 1.392220
v -0.140993 0.926260 1.306689
v -0.125340 0.692335 1.168805
v -0.104275 0.461491 0.985543
v -0.078608 0.285912 0.766677
v -0.049324 0.229749 0.523508
v -0.017549 0.211154 0.262275
v -0.414860 0.003518 0.827574
v -0.414860 0.855973 0.910677
v -0.414860 0.024924 0.503908
v -0.414860 0.855973 0.589305
v -0.736233 0.003194 0.827609
v -0.641043 0.855973 0.863268
v -0.736233 0.003535 0.506200
v -0.641043 0.855973 0.614846
v -0.414860 0.429584 0.910677
v -0.414860 0.438764 0.588321
v -0.715981 0.429584 0.613289
v -0.715981 0.429584 0.904047
v -0.348302 0.014761 0.665683
v -0.348302 0.855973 0.749991
v -0.802791 0.003194 0.666923
v -0.692493 0.855973 0.739057
v -0.776198 0.429584 0.758668
v -0.348302 0.431801 0.749754
v -0.575546 0.014835 0.438431
v -0.549300 0.855973 0.554248
v -0.575546 0.003194 0.894167
v -0.516832 0.855973 0.914718
v -0.575546 0.429584 0.977236
v -0.575546 0.433557 0.522321
v -0.575546 0.855973 0.749991
v -0.575546 0.004724 0.666759
v -0.414860 0.015427 -0.633337
v -0.414860 0.855973 -0.580603
v -0.414860 0.003194 -0.953399
v -0.414860 0.855973 -0.901975
v -0.736233 0.003194 -0.632026
v -0.641043 0.855973 -0.628012
v -0.736233 0.003194 -0.953399
v -0.610746 0.855973 -0.857447
v -0.414860 0.440085 -0.581728
v -0.414860 0.429584 -0.901975
v -0.715981 0.429584 -0.877991
v -0.715981 0.429584 -0.587233
v -0.348302 0.006970 -0.793117
v -0.348302 0.855973 -0.741289
v -0.802791 0.003194 -0.792712
v -0.692493 0.855973 -0.752223
v -0.776198 0.429584 -0.732612
v -0.348302 0.433251 -0.741682
v -0.575546 0.003194 -1.019957
v -0.549300 0.855973 -0.937032
v -0.575546 0.008763 -0.566064
v -0.516832 0.855973 -0.576562
v -0.575546 0.433860 -0.514502
v -0.575546 0.429584 -0.968534
v -0.575546 0.855973 -0.741289
v -0.575546 0.003194 -0.792712
v -0.080936 1.201922 -1.054483
v -0.080936 1.328821 -1.004557
v -0.012695 0.864356 -1.211586
v -0.055082 1.082301 -1.189575
v -0.058305 1.101264 -1.109984
v -0.080936 1.240130 -1.092409
vn -0.0000 0.9132 -0.4075
vn -0.0000 0.5832 -0.8124
vn -0.0000 0.1793 -0.9838
vn -0.0000 -0.0000 -1.0000
vn -0.0000 -0.1793 -0.9838
vn -0.0000 -0.5835 -0.8121
vn 0.0408 0.9933 -0.1078
vn 0.0771 0.9717 -0.2232
vn 0.1225 0.9122 -0.3910
vn 0.1734 0.7782 -0.6037
vn 0.2121 0.5838 -0.7837
vn 0.2344 0.3766 -0.8962
vn 0.2445 0.1802 -0.9528
vn 0.2469 -0.0000 -0.9690
vn 0.2445 -0.1802 -0.9528
vn 0.2344 -0.3766 -0.8962
vn 0.2126 -0.5846 -0.7830
vn 0.1742 -0.7951 -0.5810
vn 0.1229 -0.9428 -0.3098
vn 0.0866 -0.9890 -0.1203
vn 0.0713 -0.9957 -0.0588
vn 0.0710 0.9921 -0.1032
vn 0.1372 0.9684 -0.2083
vn 0.2108 0.9094 -0.3587
vn 0.2827 0.7826 -0.5546
vn 0.3322 0.5962 -0.7308
vn 0.3563 0.3906 -0.8488
vn 0.3635 0.1902 -0.9120
vn 0.3643 -0.0000 -0.9313
vn 0.3635 -0.1902 -0.9120
vn 0.3563 -0.3906 -0.8488
vn 0.3328 -0.5984 -0.7288
vn 0.2791 -0.8035 -0.5258
vn 0.1954 -0.9421 -0.2724
vn 0.1252 -0.9861 -0.1094
vn 0.0827 -0.9948 -0.0588
vn 0.1020 0.9905 -0.0920
vn 0.1984 0.9629 -0.1832
vn 0.2980 0.9051 -0.3033
vn 0.3913 0.7919 -0.4688
vn 0.4570 0.6220 -0.6358
vn 0.4911 0.4215 -0.7623
vn 0.5038 0.2114 -0.8375
vn 0.5066 -0.0000 -0.8622
vn 0.5038 -0.2114 -0.8375
vn 0.4911 -0.4215 -0.7623
vn 0.4566 -0.6266 -0.6316
vn 0.3793 -0.8173 -0.4337
vn 0.2616 -0.9406 -0.2165
vn 0.1628 -0.9819 -0.0965
vn 0.0943 -0.9938 -0.0585
vn 0.1286 0.9887 -0.0775
vn 0.2502 0.9561 -0.1528
vn 0.3749 0.8958 -0.2387
vn 0.4954 0.7936 -0.3532
vn 0.5951 0.6422 -0.4832
vn 0.6644 0.4509 -0.5960
vn 0.7046 0.2325 -0.6704
vn 0.7178 -0.0000 -0.6962
vn 0.7046 -0.2325 -0.6704
vn 0.6644 -0.4510 -0.5960
vn 0.5917 -0.6504 -0.4764
vn 0.4692 -0.8253 -0.3142
vn 0.3142 -0.9356 -0.1612
vn 0.1938 -0.9773 -0.0855
vn 0.1091 -0.9925 -0.0550
vn 0.1500 0.9868 -0.0604
vn 0.2906 0.9495 -0.1185
vn 0.4336 0.8831 -0.1790
vn 0.5734 0.7820 -0.2445
vn 0.7004 0.6388 -0.3184
vn 0.8015 0.4547 -0.3884
vn 0.8672 0.2371 -0.4379
vn 0.8901 -0.0000 -0.4557
vn 0.8672 -0.2371 -0.4379
vn 0.8014 -0.4553 -0.3880
vn 0.6914 -0.6531 -0.3090
vn 0.5300 -0.8223 -0.2073
vn 0.3539 -0.9277 -0.1184
vn 0.2220 -0.9725 -0.0707
vn 0.1267 -0.9909 -0.0452
vn -0.0000 1.0000 -0.0000
vn 0.1657 0.9853 -0.0414
vn 0.3198 0.9440 -0.0809
vn 0.4744 0.8719 -0.1209
vn 0.6226 0.7661 -0.1595
vn 0.7574 0.6229 -0.1957
vn 0.8678 0.4419 -0.2271
vn 0.9407 0.2300 -0.2492
vn 0.9664 -0.0000 -0.2572
vn 0.9407 -0.2300 -0.2492
vn 0.8670 -0.4440 -0.2260
vn 0.7415 -0.6447 -0.1858
vn 0.5660 -0.8140 -0.1305
vn 0.3844 -0.9197 -0.0799
vn 0.2457 -0.9680 -0.0506
vn 0.1406 -0.9895 -0.0321
vn 0.1752 0.9843 -0.0210
vn 0.3374 0.9405 -0.0410
vn 0.4987 0.8646 -0.0610
vn 0.6508 0.7550 -0.0801
vn 0.7864 0.6101 -0.0972
vn 0.8955 0.4309 -0.1111
vn 0.9672 0.2235 -0.1203
vn 0.9923 -0.0000 -0.1235
vn 0.9672 -0.2235 -0.1203
vn 0.8935 -0.4353 -0.1102
vn 0.7649 -0.6377 -0.0909
vn 0.5860 -0.8078 -0.0644
vn 0.4031 -0.9143 -0.0405
vn 0.2607 -0.9651 -0.0261
vn 0.1495 -0.9886 -0.0163
vn 0.1784 0.9839 -0.0000
vn 0.3432 0.9393 -0.0000
vn 0.5067 0.8621 -0.0000
vn 0.6600 0.7512 -0.0000
vn 0.7958 0.6056 -0.0000
vn 0.9044 0.4267 -0.0000
vn 0.9753 0.2210 -0.0000
vn 1.0000 -0.0000 -0.0000
vn 0.9753 -0.2210 -0.0000
vn 0.9017 -0.4323 -0.0000
vn 0.7719 -0.6357 0.0001
vn 0.5922 -0.8058 -0.0001
vn 0.4094 -0.9124 -0.0001
vn 0.2661 -0.9639 -0.0001
vn 0.1527 -0.9883 -0.0000
vn 0.1752 0.9843 0.0210
vn 0.3374 0.9405 0.0410
vn 0.4987 0.8646 0.0610
vn 0.6508 0.7550 0.0801
vn 0.7864 0.6101 0.0972
vn 0.8955 0.4309 0.1111
vn 0.9672 0.2235 0.1203
vn 0.9923 -0.0000 0.1235
vn 0.9672 -0.2235 0.1203
vn 0.8934 -0.4355 0.1102
vn 0.7643 -0.6385 0.0909
vn 0.5848 -0.8086 0.0640
vn 0.4021 -0.9147 0.0402
vn 0.2603 -0.9652 0.0259
vn 0.1494 -0.9886 0.0162
vn 0.1657 0.9853 0.0414
vn 0.3198 0.9440 0.0809
vn 0.4744 0.8719 0.1209
vn 0.6225 0.7663 0.1591
vn 0.7564 0.6255 0.1916
vn 0.8683 0.4463 0.2165
vn 0.9437 0.2309 0.2369
vn 0.9682 -0.0024 0.2502
vn 0.9403 -0.2317 0.2494
vn 0.8666 -0.4430 0.2295
vn 0.7413 -0.6444 0.1875
vn 0.5643 -0.8154 0.1294
vn 0.3826 -0.9206 0.0787
vn 0.2448 -0.9683 0.0502
vn 0.1404 -0.9896 0.0320
vn 0.1509 0.9868 0.0591
vn 0.2950 0.9491 0.1107
vn 0.4449 0.8811 0.1608
vn 0.5881 0.7839 0.1991
vn 0.7249 0.6543 0.2152
vn 0.8473 0.4686 0.2502
vn 0.9187 0.2374 0.3156
vn 0.9240 -0.0124 0.3822
vn 0.8729 -0.2502 0.4188
vn 0.7890 -0.4584 0.4091
vn 0.6798 -0.6482 0.3431
vn 0.5271 -0.8193 0.2255
vn 0.3557 -0.9272 0.1171
vn 0.2243 -0.9723 0.0657
vn 0.1275 -0.9909 0.0436
vn 0.1371 0.9883 0.0673
vn 0.2807 0.9534 0.1106
vn 0.4347 0.8883 0.1484
vn 0.5717 0.8070 0.1480
vn 0.6955 0.7036 0.1458
vn 0.8199 0.5257 0.2267
vn 0.8860 0.2731 0.3746
vn 0.8583 -0.0039 0.5131
vn 0.7656 -0.2509 0.5924
vn 0.6573 -0.4494 0.6051
vn 0.5621 -0.6205 0.5469
vn 0.4530 -0.8029 0.3875
vn 0.3166 -0.9309 0.1824
vn 0.2017 -0.9766 0.0748
vn 0.1170 -0.9920 0.0470
vn 0.1218 0.9904 0.0653
vn 0.2603 0.9608 0.0956
vn 0.4094 0.9062 0.1058
vn 0.5173 0.8518 0.0822
vn 0.6174 0.7804 0.0986
vn 0.7417 0.6254 0.2426
vn 0.8121 0.3362 0.4769
vn 0.7573 0.0094 0.6530
vn 0.6368 -0.2504 0.7292
vn 0.5204 -0.4353 0.7347
vn 0.4333 -0.5823 0.6879
vn 0.3581 -0.7540 0.5506
vn 0.2535 -0.9239 0.2865
vn 0.1678 -0.9815 0.0919
vn 0.1101 -0.9929 0.0458
vn 0.0855 0.9941 0.0661
vn 0.1910 0.9773 0.0914
vn 0.2877 0.9530 0.0950
vn 0.3541 0.9315 0.0831
vn 0.4265 0.8965 0.1200
vn 0.5441 0.7722 0.3282
vn 0.6296 0.4389 0.6410
vn 0.5871 0.0332 0.8089
vn 0.4838 -0.2504 0.8386
vn 0.3937 -0.4281 0.8135
vn 0.3278 -0.5612 0.7600
vn 0.2740 -0.7130 0.6454
vn 0.1954 -0.9045 0.3791
vn 0.1248 -0.9849 0.1197
vn 0.0988 -0.9940 0.0462
vn 0.0388 0.9969 0.0681
vn 0.0752 0.9924 0.0974
vn 0.1031 0.9886 0.1100
vn 0.1221 0.9865 0.1091
vn 0.1560 0.9754 0.1559
vn 0.2409 0.8749 0.4202
vn 0.3213 0.5138 0.7955
vn 0.3224 0.0452 0.9455
vn 0.2816 -0.2599 0.9237
vn 0.2447 -0.4339 0.8671
vn 0.2153 -0.5595 0.8003
vn 0.1886 -0.6986 0.6902
vn 0.1432 -0.8918 0.4292
vn 0.0943 -0.9857 0.1395
vn 0.0845 -0.9953 0.0477
vn -0.0000 0.9974 0.0715
vn -0.0000 0.9949 0.1012
vn -0.0000 0.9930 0.1177
vn -0.0000 0.9930 0.1179
vn -0.0000 0.9860 0.1667
vn -0.0000 0.8898 0.4563
vn -0.0000 0.5149 0.8572
vn -0.0000 0.0336 0.9994
vn -0.0000 -0.2733 0.9619
vn -0.0000 -0.4457 0.8952
vn -0.0000 -0.5696 0.8219
vn -0.0000 -0.7054 0.7088
vn -0.0000 -0.8936 0.4488
vn -0.0000 -0.9886 0.1506
vn -0.0000 -0.9987 0.0508
vn -0.0000 -1.0000 -0.0015
vn -0.0000 0.9932 -0.1168
vn -0.0000 0.9729 -0.2313
vn -0.0000 0.7778 -0.6286
vn -0.0000 0.3760 -0.9266
vn -0.0000 -0.3760 -0.9266
vn -0.0000 -0.7926 -0.6097
vn -0.0000 -0.9437 -0.3308
vn -0.0000 -0.9919 -0.1273
vn -0.0000 -0.9981 -0.0614
vn -0.5434 -0.6864 0.4833
vn -0.5303 0.5952 0.6037
vn -0.5804 -0.5273 -0.6205
vn -0.5376 0.6198 -0.5717
vn 0.5591 -0.6639 0.4966
vn 0.5097 0.7010 0.4988
vn 0.5820 -0.5652 -0.5846
vn 0.5432 0.6960 -0.4696
vn -0.6720 -0.0560 0.7384
vn -0.7060 0.0763 -0.7041
vn 0.7637 0.1596 -0.6256
vn 0.7128 0.0454 0.6999
vn -0.7883 -0.6131 -0.0522
vn -0.7764 0.6303 0.0003
vn 0.7926 -0.6077 -0.0491
vn 0.7128 0.7013 -0.0084
vn 0.9922 0.1202 0.0320
vn -0.9997 -0.0036 0.0243
vn 0.0278 -0.5393 -0.8416
vn 0.0833 0.6559 -0.7503
vn 0.0081 -0.7046 0.7095
vn 0.0435 0.7148 0.6979
vn 0.0679 -0.0261 0.9973
vn 0.0977 0.1469 -0.9843
vn -0.0294 -0.9991 -0.0295
vn -0.5560 -0.6357 0.5355
vn -0.5303 0.5949 0.6041
vn -0.5575 -0.6002 -0.5735
vn -0.5380 0.6191 -0.5721
vn 0.5565 -0.6478 0.5202
vn 0.5100 0.7010 0.4985
vn 0.5934 -0.5736 -0.5647
vn 0.4870 0.7683 -0.4154
vn -0.6768 -0.0283 0.7357
vn -0.7028 0.0493 -0.7096
vn 0.7562 0.1521 -0.6364
vn 0.7148 0.0708 0.6958
vn -0.7804 -0.6251 -0.0134
vn -0.7764 0.6302 0.0003
vn 0.7945 -0.6068 -0.0225
vn 0.7301 0.6809 -0.0582
vn 0.9912 0.1325 -0.0043
vn -0.9999 -0.0025 0.0152
vn 0.0322 -0.5853 -0.8102
vn 0.1332 0.6249 -0.7693
vn 0.0039 -0.6663 0.7456
vn 0.0432 0.7148 0.6980
vn 0.0638 0.0084 0.9979
vn 0.1177 0.1207 -0.9857
vn -0.0137 -0.9998 0.0157
vn 0.6956 -0.3498 0.6275
vn 0.5498 0.6862 0.4762
vn 0.1355 -0.0042 -0.9908
vn 0.6809 0.1872 -0.7081
vn -0.0000 0.2172 -0.9761
vn -0.0000 -0.4106 0.9118
vn -0.0000 0.8990 0.4380
vn 0.6712 -0.4210 0.6101
vn 0.6943 0.3731 -0.6154
vn -0.0000 0.5963 -0.8027
vn -0.0000 -0.4447 0.8957
vn -0.0000 0.0585 -0.9983
vn -0.0408 0.9933 -0.1078
vn -0.0771 0.9717 -0.2232
vn -0.1225 0.9122 -0.3910
vn -0.1734 0.7782 -0.6037
vn -0.2121 0.5838 -0.7837
vn -0.2344 0.3766 -0.8962
vn -0.2445 0.1802 -0.9528
vn -0.2469 -0.0000 -0.9690
vn -0.2445 -0.1802 -0.9528
vn -0.2344 -0.3766 -0.8962
vn -0.2126 -0.5846 -0.7830
vn -0.1742 -0.7951 -0.5810
vn -0.1229 -0.9428 -0.3098
vn -0.0866 -0.9890 -0.1203
vn -0.0713 -0.9957 -0.0588
vn -0.0710 0.9921 -0.1032
vn -0.1372 0.9684 -0.2083
vn -0.2108 0.9094 -0.3587
vn -0.2827 0.7826 -0.5546
vn -0.3322 0.5962 -0.7308
vn -0.3563 0.3906 -0.8488
vn -0.3635 0.1902 -0.9120
vn -0.3643 -0.0000 -0.9313
vn -0.3635 -0.1902 -0.9120
vn -0.3563 -0.3906 -0.8488
vn -0.3328 -0.5984 -0.7288
vn -0.2791 -0.8035 -0.5258
vn -0.1954 -0.9421 -0.2724
vn -0.1252 -0.9861 -0.1094
vn -0.0827 -0.9948 -0.0588
vn -0.1020 0.9905 -0.0920
vn -0.1984 0.9629 -0.1832
vn -0.2980 0.9051 -0.3033
vn -0.3913 0.7919 -0.4688
vn -0.4570 0.6220 -0.6358
vn -0.4911 0.4215 -0.7623
vn -0.5038 0.2114 -0.8375
vn -0.5066 -0.0000 -0.8622
vn -0.5038 -0.2114 -0.8375
vn -0.4911 -0.4215 -0.7623
vn -0.4566 -0.6266 -0.6316
vn -0.3793 -0.8173 -0.4337
vn -0.2616 -0.9406 -0.2165
vn -0.1628 -0.9819 -0.0965
vn -0.0943 -0.9938 -0.0585
vn -0.1286 0.9887 -0.0775
vn -0.2502 0.9561 -0.1528
vn -0.3749 0.8958 -0.2387
vn -0.4954 0.7936 -0.3532
vn -0.5951 0.6422 -0.4832
vn -0.6644 0.4509 -0.5960
vn -0.7046 0.2325 -0.6704
vn -0.7178 -0.0000 -0.6962
vn -0.7046 -0.2325 -0.6704
vn -0.6644 -0.4510 -0.5960
vn -0.5917 -0.6504 -0.4764
vn -0.4692 -0.8253 -0.3142
vn -0.3142 -0.9356 -0.1612
vn -0.1938 -0.9773 -0.0855
vn -0.1091 -0.9925 -0.0550
vn -0.1500 0.9868 -0.0604
vn -0.2906 0.9495 -0.1185
vn -0.4336 0.8831 -0.1790
vn -0.5734 0.7820 -0.2445
vn -0.7004 0.6388 -0.3184
vn -0.8015 0.4547 -0.3884
vn -0.8672 0.2371 -0.4379
vn -0.8901 -0.0000 -0.4557
vn -0.8672 -0.2371 -0.4379
vn -0.8014 -0.4553 -0.3880
vn -0.6914 -0.6531 -0.3090
vn -0.5300 -0.8223 -0.2073
vn -0.3539 -0.9277 -0.1184
vn -0.2220 -0.9725 -0.0707
vn -0.1267 -0.9909 -0.0452
vn -0.1657 0.9853 -0.0414
vn -0.3198 0.9440 -0.0809
vn -0.4744 0.8719 -0.1209
vn -0.6226 0.7661 -0.1595
vn -0.7574 0.6229 -0.1957
vn -0.8678 0.4419 -0.2271
vn -0.9407 0.2300 -0.2492
vn -0.9664 -0.0000 -0.2572
vn -0.9407 -0.2300 -0.2492
vn -0.8670 -0.4440 -0.2260
vn -0.7415 -0.6447 -0.1858
vn -0.5660 -0.8140 -0.1305
vn -0.3844 -0.9197 -0.0799
vn -0.2457 -0.9680 -0.0506
vn -0.1406 -0.9895 -0.0321
vn -0.1752 0.9843 -0.0210
vn -0.3374 0.9405 -0.0410
vn -0.4987 0.8646 -0.0610
vn -0.6508 0.7550 -0.0801
vn -0.7864 0.6101 -0.0972
vn -0.8955 0.4309 -0.1111
vn -0.9672 0.2235 -0.1203
vn -0.9923 -0.0000 -0.1235
vn -0.9672 -0.2235 -0.1203
vn -0.8935 -0.4353 -0.1102
vn -0.7649 -0.6377 -0.0909
vn -0.5860 -0.8078 -0.0644
vn -0.4031 -0.9143 -0.0405
vn -0.2607 -0.9651 -0.0261
vn -0.1495 -0.9886 -0.0163
vn -0.1784 0.9839 -0.0000
vn -0.3432 0.9393 -0.0000
vn -0.5067 0.8621 -0.0000
vn -0.6600 0.7512 -0.0000
vn -0.7958 0.6056 -0.0000
vn -0.9044 0.4267 -0.0000
vn -0.9753 0.2210 -0.0000
vn -1.0000 -0.0000 -0.0000
vn -0.9753 -0.2210 -0.0000
vn -0.9017 -0.4323 -0.0000
vn -0.7719 -0.6357 0.0001
vn -0.5922 -0.8058 -0.0001
vn -0.4094 -0.9124 -0.0001
vn -0.2661 -0.9639 -0.0001
vn -0.1527 -0.9883 -0.0000
vn -0.1752 0.9843 0.0210
vn -0.3374 0.9405 0.0410
vn -0.4987 0.8646 0.0610
vn -0.6508 0.7550 0.0801
vn -0.7864 0.6101 0.0972
vn -0.8955 0.4309 0.1111
vn -0.9672 0.2235 0.1203
vn -0.9923 -0.0000 0.1235
vn -0.9672 -0.2235 0.1203
vn -0.8934 -0.4355 0.1102
vn -0.7643 -0.6385 0.0909
vn -0.5848 -0.8086 0.0640
vn -0.4021 -0.9147 0.0402
vn -0.2603 -0.9652 0.0259
vn -0.1494 -0.9886 0.0162
vn -0.1657 0.9853 0.0414
vn -0.3198 0.9440 0.0809
vn -0.4744 0.8719 0.1209
vn -0.6225 0.7663 0.1591
vn -0.7564 0.6255 0.1916
vn -0.8683 0.4463 0.2165
vn -0.9437 0.2309 0.2369
vn -0.9682 -0.0024 0.2502
vn -0.9403 -0.2317 0.2494
vn -0.8666 -0.4430 0.2295
vn -0.7413 -0.6444 0.1875
vn -0.5643 -0.8154 0.1294
vn -0.3826 -0.9206 0.0787
vn -0.2448 -0.9683 0.0502
vn -0.1404 -0.9896 0.0320
vn -0.1509 0.9868 0.0591
vn -0.2950 0.9491 0.1107
vn -0.4449 0.8811 0.1608
vn -0.5881 0.7839 0.1991
vn -0.7249 0.6543 0.2152
vn -0.8473 0.4686 0.2502
vn -0.9187 0.2374 0.3156
vn -0.9240 -0.0124 0.3822
vn -0.8729 -0.2502 0.4188
vn -0.7890 -0.4584 0.4091
vn -0.6798 -0.6482 0.3431
vn -0.5271 -0.8193 0.2255
vn -0.3557 -0.9272 0.1171
vn -0.2243 -0.9723 0.0657
vn -0.1275 -0.9909 0.0436
vn -0.1371 0.9883 0.0673
vn -0.2807 0.9534 0.1106
vn -0.4347 0.8883 0.1484
vn -0.5717 0.8070 0.1480
vn -0.6955 0.7036 0.1458
vn -0.8199 0.5257 0.2267
vn -0.8860 0.2731 0.3746
vn -0.8583 -0.0039 0.5131
vn -0.7656 -0.2509 0.5924
vn -0.6573 -0.4494 0.6051
vn -0.5621 -0.6205 0.5469
vn -0.4530 -0.8029 0.3875
vn -0.3166 -0.9309 0.1824
vn -0.2017 -0.9766 0.0748
vn -0.1170 -0.9920 0.0470
vn -0.1218 0.9904 0.0653
vn -0.2603 0.9608 0.0956
vn -0.4094 0.9062 0.1058
vn -0.5173 0.8518 0.0822
vn -0.6174 0.7804 0.0986
vn -0.7417 0.6254 0.2426
vn -0.8121 0.3362 0.4769
vn -0.7573 0.0094 0.6530
vn -0.6368 -0.2504 0.7292
vn -0.5204 -0.4353 0.7347
vn -0.4333 -0.5823 0.6879
vn -0.3581 -0.7540 0.5506
vn -0.2535 -0.9239 0.2865
vn -0.1678 -0.9815 0.0919
vn -0.1101 -0.9929 0.0458
vn -0.0855 0.9941 0.0661
vn -0.1910 0.9773 0.0914
vn -0.2877 0.9530 0.0950
vn -0.3541 0.9315 0.0831
vn -0.4265 0.8965 0.1200
vn -0.5441 0.7722 0.3282
vn -0.6296 0.4389 0.6410
vn -0.5871 0.0332 0.8089
vn -0.4838 -0.2504 0.8386
vn -0.3937 -0.4281 0.8135
vn -0.3278 -0.5612 0.7600
vn -0.2740 -0.7130 0.6454
vn -0.1954 -0.9045 0.3791
vn -0.1248 -0.9849 0.1197
vn -0.0988 -0.9940 0.0462
vn -0.0388 0.9969 0.0681
vn -0.0752 0.9924 0.0974
vn -0.1031 0.9886 0.1100
vn -0.1221 0.9865 0.1091
vn -0.1560 0.9754 0.1559
vn -0.2409 0.8749 0.4202
vn -0.3213 0.5138 0.7955
vn -0.3224 0.0452 0.9455
vn -0.2816 -0.2599 0.9237
vn -0.2447 -0.4339 0.8671
vn -0.2153 -0.5595 0.8003
vn -0.1886 -0.6986 0.6902
vn -0.1432 -0.8918 0.4292
vn -0.0943 -0.9857 0.1395
vn -0.0845 -0.9953 0.0477
vn 0.5434 -0.6864 0.4833
vn 0.5303 0.5952 0.6037
vn 0.5804 -0.5273 -0.6205
vn 0.5376 0.6198 -0.5717
vn -0.5591 -0.6639 0.4966
vn -0.5097 0.7010 0.4988
vn -0.5820 -0.5652 -0.5846
vn -0.5432 0.6960 -0.4696
vn 0.6720 -0.0560 0.7384
vn 0.7060 0.0763 -0.7041
vn -0.7637 0.1596 -0.6256
vn -0.7128 0.0454 0.6999
vn 0.7883 -0.6131 -0.0522
vn 0.7764 0.6303 0.0003
vn -0.7926 -0.6077 -0.0491
vn -0.7128 0.7013 -0.0084
vn -0.9922 0.1202 0.0320
vn 0.9997 -0.0036 0.0243
vn -0.0278 -0.5393 -0.8416
vn -0.0833 0.6559 -0.7503
vn -0.0081 -0.7046 0.7095
vn -0.0435 0.7148 0.6979
vn -0.0679 -0.0261 0.9973
vn -0.0977 0.1469 -0.9843
vn 0.0294 -0.9991 -0.0295
vn 0.5560 -0.6357 0.5355
vn 0.5303 0.5949 0.6041
vn 0.5575 -0.6002 -0.5735
vn 0.5380 0.6191 -0.5721
vn -0.5565 -0.6478 0.5202
vn -0.5100 0.7010 0.4985
vn -0.5934 -0.5736 -0.5647
vn -0.4870 0.7683 -0.4154
vn 0.6768 -0.0283 0.7357
vn 0.7028 0.0493 -0.7096
vn -0.7562 0.1521 -0.6364
vn -0.7148 0.0708 0.6958
vn 0.7804 -0.6251 -0.0134
vn 0.7764 0.6302 0.0003
vn -0.7945 -0.6068 -0.0225
vn -0.7301 0.6809 -0.0582
vn -0.9912 0.1325 -0.0043
vn 0.9999 -0.0025 0.0152
vn -0.0322 -0.5853 -0.8102
vn -0.1332 0.6249 -0.7693
vn -0.0039 -0.6663 0.7456
vn -0.0432 0.7148 0.6980
vn -0.0638 0.0084 0.9979
vn -0.1177 0.1207 -0.9857
vn 0.0137 -0.9998 0.0157
vn -0.6956 -0.3498 0.6275
vn -0.5498 0.6862 0.4762
vn -0.1355 -0.0042 -0.9908
vn -0.6809 0.1872 -0.7081
vn -0.6712 -0.4210 0.6101
vn -0.6943 0.3731 -0.6154
vt 0.461183 0.137587
vt 0.461183 0.074545
vt 0.482428 0.078135
vt 0.474566 0.139950
vt 0.462624 0.689468
vt 0.466243 0.650017
vt 0.504868 0.650966
vt 0.503868 0.690490
vt 0.462405 0.208594
vt 0.467183 0.209865
vt 0.461183 0.729652
vt 0.503313 0.730698
vt 0.457837 0.178874
vt 0.459962 0.253307
vt 0.454136 0.180341
vt 0.464094 0.283022
vt 0.461718 0.769119
vt 0.502962 0.770140
vt 0.457059 0.107384
vt 0.459791 0.178874
vt 0.455112 0.180341
vt 0.443899 0.110293
vt 0.464465 0.806257
vt 0.503090 0.807206
vt 0.453115 0.043886
vt 0.432140 0.048288
vt 0.469664 0.839515
vt 0.504046 0.840342
vt 0.448196 -0.000000
vt 0.420369 0.005604
vt 0.463796 0.030221
vt 0.468304 -0.000000
vt 0.502002 0.005291
vt 0.491854 0.034836
vt 0.472245 0.612690
vt 0.481139 0.578652
vt 0.509808 0.579317
vt 0.506627 0.613517
vt 0.543307 0.579384
vt 0.545694 0.613714
vt 0.523059 0.046259
vt 0.507119 0.088428
vt 0.548108 0.651246
vt 0.491654 0.147675
vt 0.549664 0.690826
vt 0.475865 0.213825
vt 0.549931 0.731068
vt 0.461183 0.253307
vt 0.446657 0.184645
vt 0.548758 0.770477
vt 0.427314 0.118735
vt 0.546330 0.807486
vt 0.408052 0.059556
vt 0.543113 0.840539
vt 0.389695 0.018141
vt 0.538613 0.017645
vt 0.594142 0.730956
vt 0.592275 0.770310
vt 0.438893 0.191588
vt 0.412083 0.132354
vt 0.587732 0.807180
vt 0.385929 0.078023
vt 0.580998 0.840037
vt 0.361496 0.037258
vt 0.572549 0.035531
vt 0.552082 0.064319
vt 0.543185 0.581093
vt 0.575511 0.582436
vt 0.583579 0.613212
vt 0.530191 0.105937
vt 0.589510 0.650940
vt 0.507603 0.160611
vt 0.593181 0.690659
vt 0.483926 0.220473
vt 0.577925 0.091350
vt 0.550798 0.131387
vt 0.619986 0.611609
vt 0.628907 0.649543
vt 0.521764 0.178289
vt 0.634389 0.689400
vt 0.491068 0.229543
vt 0.635956 0.729745
vt 0.432118 0.200903
vt 0.633482 0.769050
vt 0.398793 0.150626
vt 0.627129 0.805783
vt 0.366633 0.104376
vt 0.617405 0.838434
vt 0.336885 0.065271
vt 0.602630 0.062274
vt 0.339709 0.009927
vt 0.310721 0.037706
vt 0.673065 0.765923
vt 0.665097 0.802589
vt 0.387954 0.172849
vt 0.350896 0.136639
vt 0.623394 0.042307
vt 0.651322 0.083182
vt 0.627887 0.102929
vt 0.316844 0.104992
vt 0.599734 0.130185
vt 0.287106 0.079226
vt 0.568029 0.162904
vt 0.655277 0.608327
vt 0.666875 0.646349
vt 0.533570 0.200046
vt 0.673972 0.686272
vt 0.497041 0.240670
vt 0.676082 0.726640
vt 0.426592 0.212232
vt 0.581237 0.199088
vt 0.542604 0.225019
vt 0.071232 0.611963
vt 0.033778 0.595136
vt 0.038554 0.544615
vt 0.076212 0.559379
vt 0.501615 0.253425
vt 0.110863 0.619742
vt 0.115906 0.566525
vt 0.422527 0.225140
vt 0.151131 0.618364
vt 0.156111 0.565779
vt 0.379981 0.198169
vt 0.190505 0.607691
vt 0.195281 0.557171
vt 0.339322 0.173397
vt 0.672945 0.142378
vt 0.647442 0.157142
vt 0.302113 0.151777
vt 0.616510 0.176265
vt 0.269784 0.134140
vt 0.000000 0.569206
vt 0.004379 0.522801
vt 0.375183 0.225613
vt 0.332356 0.213240
vt 0.231494 0.541038
vt 0.200627 0.498213
vt 0.235826 0.487988
vt 0.293247 0.202487
vt 0.660304 0.216294
vt 0.627521 0.226514
vt 0.259358 0.193768
vt 0.589881 0.238574
vt 0.009191 0.469741
vt 0.043900 0.485657
vt 0.548515 0.252250
vt 0.081887 0.496789
vt 0.504614 0.267318
vt 0.121693 0.502709
vt 0.420081 0.239131
vt 0.161786 0.503190
vt 0.049513 0.421674
vt 0.087846 0.428865
vt 0.551103 0.280673
vt 0.505922 0.281816
vt 0.127768 0.433454
vt 0.419347 0.253667
vt 0.167745 0.435266
vt 0.373743 0.254126
vt 0.206240 0.434230
vt 0.330265 0.254634
vt 0.240685 0.430409
vt 0.290586 0.255172
vt 0.665915 0.278059
vt 0.632315 0.279025
vt 0.256229 0.255719
vt 0.593650 0.279830
vt 0.014242 0.412157
vt 0.211904 0.367680
vt 0.245975 0.370511
vt 0.333130 0.295990
vt 0.294232 0.307809
vt 0.664044 0.340075
vt 0.630702 0.331781
vt 0.260516 0.317613
vt 0.592380 0.321282
vt 0.019339 0.352264
vt 0.055176 0.355124
vt 0.550236 0.309220
vt 0.093858 0.358216
vt 0.505491 0.296361
vt 0.133898 0.361421
vt 0.420353 0.268189
vt 0.173757 0.364617
vt 0.375716 0.282613
vt 0.545980 0.336770
vt 0.503336 0.310395
vt 0.099693 0.287557
vt 0.139847 0.289378
vt 0.423060 0.282140
vt 0.179592 0.293958
vt 0.381027 0.309978
vt 0.217400 0.301121
vt 0.340840 0.335719
vt 0.251400 0.310599
vt 0.304045 0.358373
vt 0.654777 0.399947
vt 0.622749 0.382753
vt 0.272055 0.377071
vt 0.586138 0.361325
vt 0.024286 0.292362
vt 0.060673 0.288565
vt 0.353099 0.372293
vt 0.319648 0.404923
vt 0.638562 0.455343
vt 0.608781 0.429967
vt 0.290434 0.431823
vt 0.575144 0.398436
vt 0.028717 0.234724
vt 0.063677 0.224177
vt 0.538472 0.362283
vt 0.100950 0.218859
vt 0.499540 0.323377
vt 0.140396 0.219204
vt 0.427365 0.294983
vt 0.180849 0.225260
vt 0.389471 0.335170
vt 0.220404 0.236733
vt 0.256229 0.252952
vt 0.079436 0.151525
vt 0.117050 0.150299
vt 0.433102 0.306225
vt 0.494249 0.334810
vt 0.159335 0.157926
vt 0.400777 0.357500
vt 0.204264 0.174042
vt 0.369737 0.405904
vt 0.248505 0.197740
vt 0.340951 0.446358
vt 0.618122 0.505023
vt 0.589760 0.471792
vt 0.317008 0.480829
vt 0.559776 0.431221
vt 0.020972 0.179512
vt 0.047537 0.161486
vt 0.527945 0.384821
vt 0.593792 0.546948
vt 0.567519 0.506964
vt 0.368490 0.483589
vt 0.350407 0.522234
vt 0.540757 0.458386
vt 0.297745 0.507256
vt 0.335955 0.553596
vt 0.514808 0.403515
vt 0.021767 0.104486
vt 0.048348 0.090349
vt 0.487637 0.344275
vt 0.084140 0.087708
vt 0.440051 0.315433
vt 0.128247 0.096750
vt 0.414738 0.377328
vt 0.178494 0.117042
vt 0.390358 0.436309
vt 0.231064 0.147468
vt 0.479945 0.351420
vt 0.056941 0.036336
vt 0.102511 0.046533
vt 0.447944 0.322255
vt 0.430605 0.392757
vt 0.156727 0.070180
vt 0.413999 0.459962
vt 0.013483 0.851579
vt 0.000000 0.792938
vt 0.031123 0.767798
vt 0.041218 0.832787
vt 0.399468 0.511800
vt 0.564599 0.578652
vt 0.541770 0.533529
vt 0.387449 0.553525
vt 0.519178 0.478978
vt 0.377759 0.588179
vt 0.499620 0.417605
vt 0.000000 0.057624
vt 0.022612 0.040132
vt 0.512399 0.550149
vt 0.495468 0.491982
vt 0.425265 0.571868
vt 0.420003 0.608878
vt 0.482998 0.426525
vt 0.369219 0.610296
vt 0.414182 0.632331
vt 0.471483 0.355958
vt 0.013148 0.004575
vt 0.046832 0.000000
vt 0.456478 0.326427
vt 0.026594 0.709642
vt 0.027641 0.662837
vt 0.066642 0.651874
vt 0.064812 0.699346
vt 0.447552 0.402038
vt 0.067079 0.758721
vt 0.438935 0.473717
vt 0.073511 0.825552
vt 0.431422 0.527737
vt 0.056839 0.897258
vt 0.084181 0.892789
vt 0.461183 0.327821
vt 0.460748 0.404655
vt 0.102924 0.701790
vt 0.102739 0.761052
vt 0.459937 0.477603
vt 0.105185 0.827759
vt 0.459270 0.532599
vt 0.110493 0.894816
vt 0.458785 0.577626
vt 0.484613 0.556062
vt 0.474433 0.496671
vt 0.457750 0.615357
vt 0.469766 0.429787
vt 0.454518 0.639212
vt 0.466778 0.357559
vt 0.072381 0.619742
vt 0.110493 0.622186
vt 0.105580 0.654368
vt 0.454525 0.326182
vt 0.459230 0.327577
vt 0.143801 0.738572
vt 0.154622 0.623926
vt 0.201650 0.628388
vt 0.191194 0.741172
vt 0.956011 0.695454
vt 0.948292 0.580464
vt 0.976853 0.578652
vt 0.999622 0.693808
vt 0.299788 0.760008
vt 0.283810 0.644855
vt 0.319765 0.639212
vt 0.341870 0.753402
vt 0.879038 0.114219
vt 0.900511 -0.000000
vt 0.927723 0.000109
vt 0.925648 0.115602
vt 0.397745 0.937187
vt 0.453882 0.914078
vt 0.454194 0.961155
vt 0.421412 0.994237
vt 0.873835 0.289252
vt 0.930123 0.266391
vt 0.930123 0.313496
vt 0.905280 0.324770
vt 0.882109 0.231383
vt 0.928722 0.232679
vt 0.291933 0.878391
vt 0.338446 0.871090
vt 0.952853 0.811064
vt 1.000000 0.812154
vt 0.154089 0.853545
vt 0.201650 0.855289
vt 0.120308 0.852367
vt 0.110493 0.734980
vt 0.256229 0.883244
vt 0.267506 0.764480
vt 0.860253 0.237388
vt 0.897151 0.232679
vt 0.374342 0.879714
vt 0.420669 0.880564
vt 0.256229 0.648676
vt 0.121430 0.619742
vt 0.341870 0.912298
vt 0.341870 0.959877
vt 0.843746 0.261856
vt 0.843746 0.298268
vt 0.916012 0.806076
vt 0.919250 0.691767
vt 0.846920 0.232679
vt 0.846441 0.115654
vt 0.869234 0.324328
vt 0.374748 0.993927
vt 0.870856 0.001002
vt 0.916012 0.579194
vt 0.815168 0.452715
vt 0.821454 0.338126
vt 0.868621 0.340753
vt 0.862181 0.456329
vt 0.711588 0.456438
vt 0.705207 0.340304
vt 0.727378 0.338121
vt 0.755164 0.454260
vt 0.382175 0.759111
vt 0.370823 0.643410
vt 0.406975 0.639212
vt 0.424488 0.754196
vt 0.905494 0.448384
vt 0.926510 0.335237
vt 0.953722 0.335248
vt 0.952173 0.447926
vt 0.286068 0.940192
vt 0.230053 0.916604
vt 0.263273 0.883245
vt 0.309531 0.883316
vt 0.600429 0.897112
vt 0.656717 0.874251
vt 0.656717 0.921355
vt 0.631873 0.932630
vt 0.907038 0.564559
vt 0.953722 0.563983
vt 0.377720 0.876204
vt 0.424488 0.870772
vt 0.709591 0.573071
vt 0.756575 0.571718
vt 0.821613 0.569145
vt 0.868621 0.572788
vt 0.788637 0.563980
vt 0.782125 0.447987
vt 0.341870 0.879714
vt 0.349740 0.762286
vt 0.586847 0.845248
vt 0.623744 0.840539
vt 0.262290 0.997140
vt 0.229646 0.963781
vt 0.756822 0.335237
vt 0.782124 0.450047
vt 0.788124 0.335237
vt 0.308863 0.997140
vt 0.341870 0.963829
vt 0.579792 0.871442
vt 0.570340 0.906127
vt 0.672945 0.570328
vt 0.674942 0.453695
vt 0.868621 0.567490
vt 0.872857 0.451085
vt 0.595828 0.932187
vt 0.341798 0.916761
vt 0.896859 0.336346
vt 0.672945 0.338644
vt 0.055376 0.556138
vt 0.043681 0.430922
vt 0.082489 0.404930
vt 0.204080 0.373762
vt 0.173783 0.277658
vt 0.204143 0.194828
vt 0.209633 0.290849
vt 0.158376 0.369126
vt 0.116885 0.373110
vt 0.100415 0.291716
vt 0.157907 0.291670
vt 0.100183 0.275558
vt 0.042667 0.276234
vt 0.042667 0.198585
vt 0.100415 0.194828
vt 0.100512 0.194828
vt 0.158376 0.198383
vt 0.149350 0.556369
vt 0.209633 0.559603
vt 0.158376 0.409810
vt 0.046484 0.560241
s 1
usemtl hippo
f 256/1/256 255/2/255 19/3/19 20/4/20
f 3/5/3 252/6/252 12/7/12 13/8/13
f 257/9/257 256/1/256 20/4/20 21/10/21
f 4/11/4 3/5/3 13/8/13 14/12/14
f 249/13/249 82/14/82 7/15/7
f 248/16/248 257/9/257 21/10/21
f 5/17/5 4/11/4 14/12/14 15/18/15
f 250/19/250 249/20/249 7/21/7 8/22/8
f 253/23/253 5/17/5 15/18/15 16/24/16
f 1/25/1 250/19/250 8/22/8 9/26/9
f 6/27/6 253/23/253 16/24/16 17/28/17
f 251/29/251 1/25/1 9/26/9 10/30/10
f 254/31/254 6/32/6 17/33/17 18/34/18
f 2/35/2 251/36/251 10/37/10 11/38/11
f 255/2/255 254/31/254 18/34/18 19/3/19
f 252/6/252 2/35/2 11/38/11 12/7/12
f 11/38/11 10/37/10 25/39/25 26/40/26
f 19/3/19 18/34/18 33/41/33 34/42/34
f 12/7/12 11/38/11 26/40/26 27/43/27
f 20/4/20 19/3/19 34/42/34 35/44/35
f 13/8/13 12/7/12 27/43/27 28/45/28
f 21/10/21 20/4/20 35/44/35 36/46/36
f 14/12/14 13/8/13 28/45/28 29/47/29
f 7/21/7 82/48/82 22/49/22
f 248/16/248 21/10/21 36/46/36
f 15/18/15 14/12/14 29/47/29 30/50/30
f 8/22/8 7/21/7 22/49/22 23/51/23
f 16/24/16 15/18/15 30/50/30 31/52/31
f 9/26/9 8/22/8 23/51/23 24/53/24
f 17/28/17 16/24/16 31/52/31 32/54/32
f 10/30/10 9/26/9 24/53/24 25/55/25
f 18/34/18 17/33/17 32/56/32 33/41/33
f 30/50/30 29/47/29 44/57/44 45/58/45
f 23/51/23 22/49/22 37/59/37 38/60/38
f 31/52/31 30/50/30 45/58/45 46/61/46
f 24/53/24 23/51/23 38/60/38 39/62/39
f 32/54/32 31/52/31 46/61/46 47/63/47
f 25/55/25 24/53/24 39/62/39 40/64/40
f 33/41/33 32/56/32 47/65/47 48/66/48
f 26/40/26 25/67/25 40/68/40 41/69/41
f 34/42/34 33/41/33 48/66/48 49/70/49
f 27/43/27 26/40/26 41/69/41 42/71/42
f 35/44/35 34/42/34 49/70/49 50/72/50
f 28/45/28 27/43/27 42/71/42 43/73/43
f 36/46/36 35/44/35 50/72/50 51/74/51
f 29/47/29 28/45/28 43/73/43 44/57/44
f 22/49/22 82/48/82 37/59/37
f 248/16/248 36/46/36 51/74/51
f 49/70/49 48/66/48 63/75/63 64/76/64
f 42/71/42 41/69/41 56/77/56 57/78/57
f 50/72/50 49/70/49 64/76/64 65/79/65
f 43/73/43 42/71/42 57/78/57 58/80/58
f 51/74/51 50/72/50 65/79/65 66/81/66
f 44/57/44 43/73/43 58/80/58 59/82/59
f 37/59/37 82/48/82 52/83/52
f 248/16/248 51/74/51 66/81/66
f 45/58/45 44/57/44 59/82/59 60/84/60
f 38/60/38 37/59/37 52/83/52 53/85/53
f 46/61/46 45/58/45 60/84/60 61/86/61
f 39/62/39 38/60/38 53/85/53 54/87/54
f 47/63/47 46/61/46 61/86/61 62/88/62
f 40/64/40 39/62/39 54/87/54 55/89/55
f 48/66/48 47/65/47 62/90/62 63/75/63
f 41/91/41 40/64/40 55/89/55 56/92/56
f 61/86/61 60/84/60 75/93/75 76/94/76
f 54/87/54 53/85/53 68/95/68 69/96/69
f 62/90/62 61/97/61 76/98/76 77/99/77
f 55/89/55 54/87/54 69/96/69 70/100/70
f 63/75/63 62/90/62 77/99/77 78/101/78
f 56/92/56 55/89/55 70/100/70 71/102/71
f 64/76/64 63/75/63 78/101/78 79/103/79
f 57/78/57 56/77/56 71/104/71 72/105/72
f 65/79/65 64/76/64 79/103/79 80/106/80
f 58/80/58 57/78/57 72/105/72 73/107/73
f 66/81/66 65/79/65 80/106/80 81/108/81
f 59/82/59 58/80/58 73/107/73 74/109/74
f 52/83/52 82/48/82 67/110/67
f 248/16/248 66/81/66 81/108/81
f 60/84/60 59/82/59 74/109/74 75/93/75
f 53/85/53 52/83/52 67/110/67 68/95/68
f 80/106/80 79/103/79 95/111/95 96/112/96
f 73/113/73 72/114/72 88/115/88 89/116/89
f 81/108/81 80/106/80 96/112/96 97/117/97
f 74/118/74 73/113/73 89/116/89 90/119/90
f 67/110/67 82/48/82 83/120/83
f 248/16/248 81/108/81 97/117/97
f 75/121/75 74/118/74 90/119/90 91/122/91
f 68/95/68 67/110/67 83/120/83 84/123/84
f 76/124/76 75/121/75 91/122/91 92/125/92
f 69/96/69 68/95/68 84/123/84 85/126/85
f 77/99/77 76/98/76 92/127/92 93/128/93
f 70/100/70 69/96/69 85/126/85 86/129/86
f 78/101/78 77/99/77 93/128/93 94/130/94
f 71/102/71 70/100/70 86/129/86 87/131/87
f 79/103/79 78/101/78 94/130/94 95/111/95
f 72/114/72 71/132/71 87/133/87 88/115/88
f 85/126/85 84/123/84 99/134/99 100/135/100
f 93/136/93 92/125/92 107/137/107 108/138/108
f 86/129/86 85/126/85 100/135/100 101/139/101
f 94/130/94 93/128/93 108/140/108 109/141/109
f 87/131/87 86/129/86 101/139/101 102/142/102
f 95/111/95 94/130/94 109/141/109 110/143/110
f 88/115/88 87/133/87 102/144/102 103/145/103
f 96/112/96 95/111/95 110/143/110 111/146/111
f 89/116/89 88/115/88 103/145/103 104/147/104
f 97/117/97 96/112/96 111/146/111 112/148/112
f 90/119/90 89/116/89 104/147/104 105/149/105
f 83/120/83 82/48/82 98/150/98
f 248/16/248 97/117/97 112/148/112
f 91/122/91 90/119/90 105/149/105 106/151/106
f 84/123/84 83/120/83 98/150/98 99/134/99
f 92/125/92 91/122/91 106/151/106 107/137/107
f 104/147/104 103/145/103 118/152/118 119/153/119
f 112/148/112 111/146/111 126/154/126 127/155/127
f 105/149/105 104/147/104 119/153/119 120/156/120
f 98/150/98 82/48/82 113/157/113
f 248/16/248 112/148/112 127/155/127
f 106/151/106 105/149/105 120/156/120 121/158/121
f 99/134/99 98/150/98 113/157/113 114/159/114
f 107/137/107 106/151/106 121/158/121 122/160/122
f 100/135/100 99/134/99 114/159/114 115/161/115
f 108/138/108 107/137/107 122/160/122 123/162/123
f 101/139/101 100/135/100 115/161/115 116/163/116
f 109/141/109 108/140/108 123/164/123 124/165/124
f 102/142/102 101/139/101 116/163/116 117/166/117
f 110/143/110 109/141/109 124/165/124 125/167/125
f 103/145/103 102/144/102 117/168/117 118/152/118
f 111/146/111 110/143/110 125/167/125 126/154/126
f 123/162/123 122/160/122 137/169/137 138/170/138
f 116/163/116 115/161/115 130/171/130 131/172/131
f 124/165/124 123/164/123 138/173/138 139/174/139
f 117/166/117 116/163/116 131/172/131 132/175/132
f 125/167/125 124/165/124 139/174/139 140/176/140
f 118/152/118 117/168/117 132/177/132 133/178/133
f 126/154/126 125/167/125 140/176/140 141/179/141
f 119/153/119 118/152/118 133/178/133 134/180/134
f 127/155/127 126/154/126 141/179/141 142/181/142
f 120/156/120 119/153/119 134/180/134 135/182/135
f 113/157/113 82/48/82 128/183/128
f 248/16/248 127/155/127 142/181/142
f 121/158/121 120/156/120 135/182/135 136/184/136
f 114/159/114 113/157/113 128/183/128 129/185/129
f 122/160/122 121/158/121 136/184/136 137/169/137
f 115/161/115 114/159/114 129/185/129 130/171/130
f 142/181/142 141/179/141 156/186/156 157/187/157
f 135/182/135 134/180/134 149/188/149 150/189/150
f 128/183/128 82/48/82 143/190/143
f 248/16/248 142/181/142 157/187/157
f 136/184/136 135/182/135 150/189/150 151/191/151
f 129/185/129 128/183/128 143/190/143 144/192/144
f 137/169/137 136/184/136 151/191/151 152/193/152
f 130/171/130 129/185/129 144/192/144 145/194/145
f 138/170/138 137/169/137 152/193/152 153/195/153
f 131/172/131 130/171/130 145/194/145 146/196/146
f 139/174/139 138/173/138 153/197/153 154/198/154
f 132/175/132 131/172/131 146/196/146 147/199/147
f 140/176/140 139/174/139 154/198/154 155/200/155
f 133/178/133 132/177/132 147/201/147 148/202/148
f 141/179/141 140/176/140 155/200/155 156/186/156
f 134/180/134 133/178/133 148/202/148 149/188/149
f 146/196/146 145/194/145 160/203/160 161/204/161
f 154/198/154 153/197/153 168/205/168 169/206/169
f 147/199/147 146/196/146 161/204/161 162/207/162
f 155/200/155 154/198/154 169/206/169 170/208/170
f 148/202/148 147/201/147 162/209/162 163/210/163
f 156/186/156 155/200/155 170/208/170 171/211/171
f 149/188/149 148/202/148 163/210/163 164/212/164
f 157/187/157 156/186/156 171/211/171 172/213/172
f 150/189/150 149/188/149 164/212/164 165/214/165
f 143/190/143 82/48/82 158/215/158
f 248/16/248 157/187/157 172/213/172
f 151/191/151 150/189/150 165/214/165 166/216/166
f 144/192/144 143/190/143 158/215/158 159/217/159
f 152/193/152 151/191/151 166/216/166 167/218/167
f 145/194/145 144/192/144 159/217/159 160/203/160
f 153/195/153 152/193/152 167/218/167 168/219/168
f 165/214/165 164/212/164 179/220/179 180/221/180
f 158/215/158 82/48/82 173/222/173
f 248/16/248 172/213/172 187/223/187
f 166/216/166 165/214/165 180/221/180 181/224/181
f 159/217/159 158/215/158 173/222/173 174/225/174
f 167/218/167 166/216/166 181/224/181 182/226/182
f 160/203/160 159/217/159 174/225/174 175/227/175
f 168/219/168 167/218/167 182/226/182 183/228/183
f 161/204/161 160/203/160 175/227/175 176/229/176
f 169/206/169 168/205/168 183/230/183 184/231/184
f 162/207/162 161/204/161 176/229/176 177/232/177
f 170/208/170 169/206/169 184/231/184 185/233/185
f 163/210/163 162/209/162 177/234/177 178/235/178
f 171/211/171 170/208/170 185/233/185 186/236/186
f 164/212/164 163/210/163 178/235/178 179/220/179
f 172/213/172 171/211/171 186/236/186 187/223/187
f 184/231/184 183/230/183 198/237/198 199/238/199
f 177/232/177 176/229/176 191/239/191 192/240/192
f 185/233/185 184/231/184 199/238/199 200/241/200
f 178/242/178 177/232/177 192/240/192 193/243/193
f 186/236/186 185/233/185 200/241/200 201/244/201
f 179/220/179 178/235/178 193/245/193 194/246/194
f 187/223/187 186/236/186 201/244/201 202/247/202
f 180/221/180 179/220/179 194/246/194 195/248/195
f 173/222/173 82/48/82 188/249/188
f 248/16/248 187/223/187 202/247/202
f 181/224/181 180/221/180 195/248/195 196/250/196
f 174/225/174 173/222/173 188/249/188 189/251/189
f 182/226/182 181/224/181 196/250/196 197/252/197
f 175/227/175 174/225/174 189/251/189 190/253/190
f 183/228/183 182/226/182 197/252/197 198/254/198
f 176/229/176 175/227/175 190/253/190 191/239/191
f 248/16/248 202/247/202 217/255/217
f 196/250/196 195/248/195 210/256/210 211/257/211
f 189/251/189 188/249/188 203/258/203 204/259/204
f 197/252/197 196/250/196 211/257/211 212/260/212
f 190/253/190 189/251/189 204/259/204 205/261/205
f 198/262/198 197/263/197 212/264/212 213/265/213
f 191/239/191 190/253/190 205/261/205 206/266/206
f 199/238/199 198/237/198 213/267/213 214/268/214
f 192/240/192 191/239/191 206/266/206 207/269/207
f 200/241/200 199/238/199 214/268/214 215/270/215
f 193/243/193 192/240/192 207/269/207 208/271/208
f 201/244/201 200/241/200 215/270/215 216/272/216
f 194/246/194 193/245/193 208/273/208 209/274/209
f 202/247/202 201/244/201 216/272/216 217/255/217
f 195/248/195 194/246/194 209/274/209 210/256/210
f 188/249/188 82/48/82 203/258/203
f 215/270/215 214/268/214 229/275/229 230/276/230
f 208/271/208 207/269/207 222/277/222 223/278/223
f 216/272/216 215/270/215 230/276/230 231/279/231
f 209/280/209 208/271/208 223/278/223 224/281/224
f 217/255/217 216/272/216 231/279/231 232/282/232
f 210/256/210 209/274/209 224/283/224 225/284/225
f 203/258/203 82/48/82 218/285/218
f 248/16/248 217/255/217 232/282/232
f 211/286/211 210/287/210 225/288/225 226/289/226
f 204/259/204 203/258/203 218/285/218 219/290/219
f 212/264/212 211/286/211 226/289/226 227/291/227
f 205/261/205 204/259/204 219/290/219 220/292/220
f 213/265/213 212/264/212 227/291/227 228/293/228
f 206/266/206 205/261/205 220/292/220 221/294/221
f 214/295/214 213/265/213 228/293/228 229/296/229
f 207/269/207 206/266/206 221/294/221 222/277/222
f 219/290/219 218/285/218 233/297/233 234/298/234
f 227/291/227 226/289/226 241/299/241 242/300/242
f 220/292/220 219/290/219 234/298/234 235/301/235
f 228/293/228 227/291/227 242/300/242 243/302/243
f 221/294/221 220/292/220 235/301/235 236/303/236
f 229/296/229 228/293/228 243/302/243 244/304/244
f 222/277/222 221/294/221 236/303/236 237/305/237
f 230/276/230 229/275/229 244/306/244 245/307/245
f 223/278/223 222/277/222 237/305/237 238/308/238
f 231/279/231 230/276/230 245/307/245 246/309/246
f 224/281/224 223/278/223 238/308/238 239/310/239
f 232/282/232 231/279/231 246/309/246 247/311/247
f 225/288/225 224/312/224 239/313/239 240/314/240
f 218/315/218 82/14/82 233/316/233
f 248/16/248 232/282/232 247/311/247
f 226/289/226 225/288/225 240/314/240 241/299/241
f 275/317/275 271/318/271 261/319/261 267/320/267
f 281/321/281 277/322/277 265/323/265 268/324/268
f 274/325/274 273/326/273 263/327/263 269/328/269
f 280/329/280 279/330/279 259/331/259 266/332/266
f 283/333/282 272/334/272 262/335/262 278/336/278
f 282/337/82 271/338/271 259/339/259 279/340/279
f 278/341/278 280/329/280 266/332/266 258/342/258
f 272/343/272 274/325/274 269/328/269 262/344/262
f 276/345/276 281/321/281 268/324/268 264/346/264
f 270/347/270 275/317/275 267/320/267 260/348/260
f 258/349/258 266/350/266 275/317/275 270/347/270
f 264/351/264 268/352/268 274/325/274 272/343/272
f 277/353/277 261/354/261 271/338/271 282/337/82
f 276/355/276 264/356/264 272/334/272 283/333/282
f 268/352/268 265/357/265 273/326/273 274/325/274
f 266/350/266 259/358/259 271/318/271 275/317/275
f 260/359/260 276/355/276 283/333/282 270/360/270
f 265/361/265 277/353/277 282/337/82 273/362/273
f 260/363/260 267/364/267 281/321/281 276/345/276
f 262/365/262 269/366/269 280/329/280 278/341/278
f 273/362/273 282/337/82 279/340/279 263/367/263
f 270/360/270 283/333/282 278/336/278 258/368/258
f 269/366/269 263/369/263 279/330/279 280/329/280
f 267/364/267 261/370/261 277/322/277 281/321/281
f 301/371/300 297/372/296 287/373/286 293/374/292
f 307/375/306 303/376/302 291/377/290 294/378/293
f 300/379/299 299/380/298 289/381/288 295/382/294
f 306/383/305 305/384/304 285/385/284 292/386/291
f 309/387/307 298/388/297 288/389/287 304/390/303
f 308/391/82 297/392/296 285/393/284 305/394/304
f 304/395/303 306/383/305 292/386/291 284/396/283
f 298/397/297 300/379/299 295/382/294 288/398/287
f 302/399/301 307/375/306 294/378/293 290/400/289
f 296/401/295 301/371/300 293/374/292 286/402/285
f 284/403/283 292/404/291 301/371/300 296/401/295
f 290/405/289 294/406/293 300/379/299 298/397/297
f 303/407/302 287/408/286 297/392/296 308/391/82
f 302/409/301 290/410/289 298/388/297 309/387/307
f 294/378/293 291/377/290 299/411/298 300/412/299
f 292/404/291 285/413/284 297/372/296 301/371/300
f 286/414/285 302/409/301 309/387/307 296/415/295
f 291/416/290 303/407/302 308/391/82 299/417/298
f 286/418/285 293/419/292 307/375/306 302/399/301
f 288/420/287 295/421/294 306/383/305 304/395/303
f 299/417/298 308/391/82 305/394/304 289/422/288
f 296/415/295 309/387/307 304/390/303 284/423/283
f 295/421/294 289/424/288 305/384/304 306/383/305
f 293/419/292 287/425/286 303/376/302 307/375/306
f 312/426/310 314/427/312 313/428/311
f 317/429/315 318/430/316 311/431/309 310/432/308
f 320/433/318 317/434/315 310/435/308 315/436/313
f 318/437/316 319/438/317 316/439/314 311/440/309
f 310/435/308 311/441/309 316/442/314 315/436/313
f 313/428/311 314/427/312 319/438/317 318/437/316
f 312/443/310 317/434/315 320/433/318
f 312/444/310 313/445/311 318/430/316 317/429/315
f 312/426/310 321/446/319 314/427/312
f 256/1/256 335/4/333 334/3/332 255/2/255
f 3/5/3 328/8/326 327/7/325 252/6/252
f 257/9/257 336/10/334 335/4/333 256/1/256
f 4/11/4 329/12/327 328/8/326 3/5/3
f 249/13/249 322/15/320 82/14/82
f 248/16/248 336/10/334 257/9/257
f 5/17/5 330/18/328 329/12/327 4/11/4
f 250/19/250 323/22/321 322/21/320 249/20/249
f 253/23/253 331/24/329 330/18/328 5/17/5
f 1/25/1 324/26/322 323/22/321 250/19/250
f 6/27/6 332/28/330 331/24/329 253/23/253
f 251/29/251 325/30/323 324/26/322 1/25/1
f 254/31/254 333/34/331 332/33/330 6/32/6
f 2/35/2 326/38/324 325/37/323 251/36/251
f 255/2/255 334/3/332 333/34/331 254/31/254
f 252/6/252 327/7/325 326/38/324 2/35/2
f 326/38/324 341/40/339 340/39/338 325/37/323
f 334/3/332 349/42/347 348/41/346 333/34/331
f 327/7/325 342/43/340 341/40/339 326/38/324
f 335/4/333 350/44/348 349/42/347 334/3/332
f 328/8/326 343/45/341 342/43/340 327/7/325
f 336/10/334 351/46/349 350/44/348 335/4/333
f 329/12/327 344/47/342 343/45/341 328/8/326
f 322/21/320 337/49/335 82/48/82
f 248/16/248 351/46/349 336/10/334
f 330/18/328 345/50/343 344/47/342 329/12/327
f 323/22/321 338/51/336 337/49/335 322/21/320
f 331/24/329 346/52/344 345/50/343 330/18/328
f 324/26/322 339/53/337 338/51/336 323/22/321
f 332/28/330 347/54/345 346/52/344 331/24/329
f 325/30/323 340/55/338 339/53/337 324/26/322
f 333/34/331 348/41/346 347/56/345 332/33/330
f 345/50/343 360/58/358 359/57/357 344/47/342
f 338/51/336 353/60/351 352/59/350 337/49/335
f 346/52/344 361/61/359 360/58/358 345/50/343
f 339/53/337 354/62/352 353/60/351 338/51/336
f 347/54/345 362/63/360 361/61/359 346/52/344
f 340/55/338 355/64/353 354/62/352 339/53/337
f 348/41/346 363/66/361 362/65/360 347/56/345
f 341/40/339 356/69/354 355/68/353 340/67/338
f 349/42/347 364/70/362 363/66/361 348/41/346
f 342/43/340 357/71/355 356/69/354 341/40/339
f 350/44/348 365/72/363 364/70/362 349/42/347
f 343/45/341 358/73/356 357/71/355 342/43/340
f 351/46/349 366/74/364 365/72/363 350/44/348
f 344/47/342 359/57/357 358/73/356 343/45/341
f 337/49/335 352/59/350 82/48/82
f 248/16/248 366/74/364 351/46/349
f 364/70/362 379/76/377 378/75/376 363/66/361
f 357/71/355 372/78/370 371/77/369 356/69/354
f 365/72/363 380/79/378 379/76/377 364/70/362
f 358/73/356 373/80/371 372/78/370 357/71/355
f 366/74/364 381/81/379 380/79/378 365/72/363
f 359/57/357 374/82/372 373/80/371 358/73/356
f 352/59/350 367/83/365 82/48/82
f 248/16/248 381/81/379 366/74/364
f 360/58/358 375/84/373 374/82/372 359/57/357
f 353/60/351 368/85/366 367/83/365 352/59/350
f 361/61/359 376/86/374 375/84/373 360/58/358
f 354/62/352 369/87/367 368/85/366 353/60/351
f 362/63/360 377/88/375 376/86/374 361/61/359
f 355/64/353 370/89/368 369/87/367 354/62/352
f 363/66/361 378/75/376 377/90/375 362/65/360
f 356/91/354 371/92/369 370/89/368 355/64/353
f 376/86/374 391/94/389 390/93/388 375/84/373
f 369/87/367 384/96/382 383/95/381 368/85/366
f 377/90/375 392/99/390 391/98/389 376/97/374
f 370/89/368 385/100/383 384/96/382 369/87/367
f 378/75/376 393/101/391 392/99/390 377/90/375
f 371/92/369 386/102/384 385/100/383 370/89/368
f 379/76/377 394/103/392 393/101/391 378/75/376
f 372/78/370 387/105/385 386/104/384 371/77/369
f 380/79/378 395/106/393 394/103/392 379/76/377
f 373/80/371 388/107/386 387/105/385 372/78/370
f 381/81/379 396/108/394 395/106/393 380/79/378
f 374/82/372 389/109/387 388/107/386 373/80/371
f 367/83/365 382/110/380 82/48/82
f 248/16/248 396/108/394 381/81/379
f 375/84/373 390/93/388 389/109/387 374/82/372
f 368/85/366 383/95/381 382/110/380 367/83/365
f 395/106/393 410/112/408 409/111/407 394/103/392
f 388/113/386 403/116/401 402/115/400 387/114/385
f 396/108/394 411/117/409 410/112/408 395/106/393
f 389/118/387 404/119/402 403/116/401 388/113/386
f 382/110/380 397/120/395 82/48/82
f 248/16/248 411/117/409 396/108/394
f 390/121/388 405/122/403 404/119/402 389/118/387
f 383/95/381 398/123/396 397/120/395 382/110/380
f 391/124/389 406/125/404 405/122/403 390/121/388
f 384/96/382 399/126/397 398/123/396 383/95/381
f 392/99/390 407/128/405 406/127/404 391/98/389
f 385/100/383 400/129/398 399/126/397 384/96/382
f 393/101/391 408/130/406 407/128/405 392/99/390
f 386/102/384 401/131/399 400/129/398 385/100/383
f 394/103/392 409/111/407 408/130/406 393/101/391
f 387/114/385 402/115/400 401/133/399 386/132/384
f 399/126/397 414/135/412 413/134/411 398/123/396
f 407/136/405 422/138/420 421/137/419 406/125/404
f 400/129/398 415/139/413 414/135/412 399/126/397
f 408/130/406 423/141/421 422/140/420 407/128/405
f 401/131/399 416/142/414 415/139/413 400/129/398
f 409/111/407 424/143/422 423/141/421 408/130/406
f 402/115/400 417/145/415 416/144/414 401/133/399
f 410/112/408 425/146/423 424/143/422 409/111/407
f 403/116/401 418/147/416 417/145/415 402/115/400
f 411/117/409 426/148/424 425/146/423 410/112/408
f 404/119/402 419/149/417 418/147/416 403/116/401
f 397/120/395 412/150/410 82/48/82
f 248/16/248 426/148/424 411/117/409
f 405/122/403 420/151/418 419/149/417 404/119/402
f 398/123/396 413/134/411 412/150/410 397/120/395
f 406/125/404 421/137/419 420/151/418 405/122/403
f 418/147/416 433/153/431 432/152/430 417/145/415
f 426/148/424 441/155/439 440/154/438 425/146/423
f 419/149/417 434/156/432 433/153/431 418/147/416
f 412/150/410 427/157/425 82/48/82
f 248/16/248 441/155/439 426/148/424
f 420/151/418 435/158/433 434/156/432 419/149/417
f 413/134/411 428/159/426 427/157/425 412/150/410
f 421/137/419 436/160/434 435/158/433 420/151/418
f 414/135/412 429/161/427 428/159/426 413/134/411
f 422/138/420 437/162/435 436/160/434 421/137/419
f 415/139/413 430/163/428 429/161/427 414/135/412
f 423/141/421 438/165/436 437/164/435 422/140/420
f 416/142/414 431/166/429 430/163/428 415/139/413
f 424/143/422 439/167/437 438/165/436 423/141/421
f 417/145/415 432/152/430 431/168/429 416/144/414
f 425/146/423 440/154/438 439/167/437 424/143/422
f 437/162/435 452/170/450 451/169/449 436/160/434
f 430/163/428 445/172/443 444/171/442 429/161/427
f 438/165/436 453/174/451 452/173/450 437/164/435
f 431/166/429 446/175/444 445/172/443 430/163/428
f 439/167/437 454/176/452 453/174/451 438/165/436
f 432/152/430 447/178/445 446/177/444 431/168/429
f 440/154/438 455/179/453 454/176/452 439/167/437
f 433/153/431 448/180/446 447/178/445 432/152/430
f 441/155/439 456/181/454 455/179/453 440/154/438
f 434/156/432 449/182/447 448/180/446 433/153/431
f 427/157/425 442/183/440 82/48/82
f 248/16/248 456/181/454 441/155/439
f 435/158/433 450/184/448 449/182/447 434/156/432
f 428/159/426 443/185/441 442/183/440 427/157/425
f 436/160/434 451/169/449 450/184/448 435/158/433
f 429/161/427 444/171/442 443/185/441 428/159/426
f 456/181/454 471/187/469 470/186/468 455/179/453
f 449/182/447 464/189/462 463/188/461 448/180/446
f 442/183/440 457/190/455 82/48/82
f 248/16/248 471/187/469 456/181/454
f 450/184/448 465/191/463 464/189/462 449/182/447
f 443/185/441 458/192/456 457/190/455 442/183/440
f 451/169/449 466/193/464 465/191/463 450/184/448
f 444/171/442 459/194/457 458/192/456 443/185/441
f 452/170/450 467/195/465 466/193/464 451/169/449
f 445/172/443 460/196/458 459/194/457 444/171/442
f 453/174/451 468/198/466 467/197/465 452/173/450
f 446/175/444 461/199/459 460/196/458 445/172/443
f 454/176/452 469/200/467 468/198/466 453/174/451
f 447/178/445 462/202/460 461/201/459 446/177/444
f 455/179/453 470/186/468 469/200/467 454/176/452
f 448/180/446 463/188/461 462/202/460 447/178/445
f 460/196/458 475/204/473 474/203/472 459/194/457
f 468/198/466 483/206/481 482/205/480 467/197/465
f 461/199/459 476/207/474 475/204/473 460/196/458
f 469/200/467 484/208/482 483/206/481 468/198/466
f 462/202/460 477/210/475 476/209/474 461/201/459
f 470/186/468 485/211/483 484/208/482 469/200/467
f 463/188/461 478/212/476 477/210/475 462/202/460
f 471/187/469 486/213/484 485/211/483 470/186/468
f 464/189/462 479/214/477 478/212/476 463/188/461
f 457/190/455 472/215/470 82/48/82
f 248/16/248 486/213/484 471/187/469
f 465/191/463 480/216/478 479/214/477 464/189/462
f 458/192/456 473/217/471 472/215/470 457/190/455
f 466/193/464 481/218/479 480/216/478 465/191/463
f 459/194/457 474/203/472 473/217/471 458/192/456
f 467/195/465 482/219/480 481/218/479 466/193/464
f 479/214/477 494/221/492 493/220/491 478/212/476
f 472/215/470 487/222/485 82/48/82
f 248/16/248 501/223/499 486/213/484
f 480/216/478 495/224/493 494/221/492 479/214/477
f 473/217/471 488/225/486 487/222/485 472/215/470
f 481/218/479 496/226/494 495/224/493 480/216/478
f 474/203/472 489/227/487 488/225/486 473/217/471
f 482/219/480 497/228/495 496/226/494 481/218/479
f 475/204/473 490/229/488 489/227/487 474/203/472
f 483/206/481 498/231/496 497/230/495 482/205/480
f 476/207/474 491/232/489 490/229/488 475/204/473
f 484/208/482 499/233/497 498/231/496 483/206/481
f 477/210/475 492/235/490 491/234/489 476/209/474
f 485/211/483 500/236/498 499/233/497 484/208/482
f 478/212/476 493/220/491 492/235/490 477/210/475
f 486/213/484 501/223/499 500/236/498 485/211/483
f 498/231/496 513/238/511 512/237/510 497/230/495
f 491/232/489 506/240/504 505/239/503 490/229/488
f 499/233/497 514/241/512 513/238/511 498/231/496
f 492/242/490 507/243/505 506/240/504 491/232/489
f 500/236/498 515/244/513 514/241/512 499/233/497
f 493/220/491 508/246/506 507/245/505 492/235/490
f 501/223/499 516/247/514 515/244/513 500/236/498
f 494/221/492 509/248/507 508/246/506 493/220/491
f 487/222/485 502/249/500 82/48/82
f 248/16/248 516/247/514 501/223/499
f 495/224/493 510/250/508 509/248/507 494/221/492
f 488/225/486 503/251/501 502/249/500 487/222/485
f 496/226/494 511/252/509 510/250/508 495/224/493
f 489/227/487 504/253/502 503/251/501 488/225/486
f 497/228/495 512/254/510 511/252/509 496/226/494
f 490/229/488 505/239/503 504/253/502 489/227/487
f 248/16/248 531/255/529 516/247/514
f 510/250/508 525/257/523 524/256/522 509/248/507
f 503/251/501 518/259/516 517/258/515 502/249/500
f 511/252/509 526/260/524 525/257/523 510/250/508
f 504/253/502 519/261/517 518/259/516 503/251/501
f 512/262/510 527/265/525 526/264/524 511/263/509
f 505/239/503 520/266/518 519/261/517 504/253/502
f 513/238/511 528/268/526 527/267/525 512/237/510
f 506/240/504 521/269/519 520/266/518 505/239/503
f 514/241/512 529/270/527 528/268/526 513/238/511
f 507/243/505 522/271/520 521/269/519 506/240/504
f 515/244/513 530/272/528 529/270/527 514/241/512
f 508/246/506 523/274/521 522/273/520 507/245/505
f 516/247/514 531/255/529 530/272/528 515/244/513
f 509/248/507 524/256/522 523/274/521 508/246/506
f 502/249/500 517/258/515 82/48/82
f 529/270/527 544/276/542 543/275/541 528/268/526
f 522/271/520 537/278/535 536/277/534 521/269/519
f 530/272/528 545/279/543 544/276/542 529/270/527
f 523/280/521 538/281/536 537/278/535 522/271/520
f 531/255/529 546/282/544 545/279/543 530/272/528
f 524/256/522 539/284/537 538/283/536 523/274/521
f 517/258/515 532/285/530 82/48/82
f 248/16/248 546/282/544 531/255/529
f 525/286/523 540/289/538 539/288/537 524/287/522
f 518/259/516 533/290/531 532/285/530 517/258/515
f 526/264/524 541/291/539 540/289/538 525/286/523
f 519/261/517 534/292/532 533/290/531 518/259/516
f 527/265/525 542/293/540 541/291/539 526/264/524
f 520/266/518 535/294/533 534/292/532 519/261/517
f 528/295/526 543/296/541 542/293/540 527/265/525
f 521/269/519 536/277/534 535/294/533 520/266/518
f 533/290/531 234/298/234 233/297/233 532/285/530
f 541/291/539 242/300/242 241/299/241 540/289/538
f 534/292/532 235/301/235 234/298/234 533/290/531
f 542/293/540 243/302/243 242/300/242 541/291/539
f 535/294/533 236/303/236 235/301/235 534/292/532
f 543/296/541 244/304/244 243/302/243 542/293/540
f 536/277/534 237/305/237 236/303/236 535/294/533
f 544/276/542 245/307/245 244/306/244 543/275/541
f 537/278/535 238/308/238 237/305/237 536/277/534
f 545/279/543 246/309/246 245/307/245 544/276/542
f 538/281/536 239/310/239 238/308/238 537/278/535
f 546/282/544 247/311/247 246/309/246 545/279/543
f 539/288/537 240/314/240 239/313/239 538/312/536
f 532/315/530 233/316/233 82/14/82
f 248/16/248 247/311/247 546/282/544
f 540/289/538 241/299/241 240/314/240 539/288/537
f 564/317/562 556/320/554 550/319/548 560/318/558
f 570/321/568 557/324/555 554/323/552 566/322/564
f 563/325/561 558/328/556 552/327/550 562/326/560
f 569/329/567 555/332/553 548/331/546 568/330/566
f 572/333/569 567/336/565 551/335/549 561/334/559
f 571/337/82 568/340/566 548/339/546 560/338/558
f 567/341/565 547/342/545 555/332/553 569/329/567
f 561/343/559 551/344/549 558/328/556 563/325/561
f 565/345/563 553/346/551 557/324/555 570/321/568
f 559/347/557 549/348/547 556/320/554 564/317/562
f 547/349/545 559/347/557 564/317/562 555/350/553
f 553/351/551 561/343/559 563/325/561 557/352/555
f 566/353/564 571/337/82 560/338/558 550/354/548
f 565/355/563 572/333/569 561/334/559 553/356/551
f 557/352/555 563/325/561 562/326/560 554/357/552
f 555/350/553 564/317/562 560/318/558 548/358/546
f 549/359/547 559/360/557 572/333/569 565/355/563
f 554/361/552 562/362/560 571/337/82 566/353/564
f 549/363/547 565/345/563 570/321/568 556/364/554
f 551/365/549 567/341/565 569/329/567 558/366/556
f 562/362/560 552/367/550 568/340/566 571/337/82
f 559/360/557 547/368/545 567/336/565 572/333/569
f 558/366/556 569/329/567 568/330/566 552/369/550
f 556/364/554 570/321/568 566/322/564 550/370/548
f 590/371/587 582/374/579 576/373/573 586/372/583
f 596/375/593 583/378/580 580/377/577 592/376/589
f 589/379/586 584/382/581 578/381/575 588/380/585
f 595/383/592 581/386/578 574/385/571 594/384/591
f 598/387/594 593/390/590 577/389/574 587/388/584
f 597/391/82 594/394/591 574/393/571 586/392/583
f 593/395/590 573/396/570 581/386/578 595/383/592
f 587/397/584 577/398/574 584/382/581 589/379/586
f 591/399/588 579/400/576 583/378/580 596/375/593
f 585/401/582 575/402/572 582/374/579 590/371/587
f 573/403/570 585/401/582 590/371/587 581/404/578
f 579/405/576 587/397/584 589/379/586 583/406/580
f 592/407/589 597/391/82 586/392/583 576/408/573
f 591/409/588 598/387/594 587/388/584 579/410/576
f 583/378/580 589/412/586 588/411/585 580/377/577
f 581/404/578 590/371/587 586/372/583 574/413/571
f 575/414/572 585/415/582 598/387/594 591/409/588
f 580/416/577 588/417/585 597/391/82 592/407/589
f 575/418/572 591/399/588 596/375/593 582/419/579
f 577/420/574 593/395/590 595/383/592 584/421/581
f 588/417/585 578/422/575 594/394/591 597/391/82
f 585/415/582 573/423/570 593/390/590 598/387/594
f 584/421/581 595/383/592 594/384/591 578/424/575
f 582/419/579 596/375/593 592/376/589 576/425/573
f 601/426/597 602/428/598 314/427/312
f 603/429/599 599/432/595 600/431/596 604/430/600
f 320/433/318 315/436/313 599/435/595 603/434/599
f 604/437/600 600/440/596 316/439/314 319/438/317
f 599/435/595 315/436/313 316/442/314 600/441/596
f 602/428/598 604/437/600 319/438/317 314/427/312
f 601/443/597 320/433/318 603/434/599
f 601/444/597 603/429/599 604/430/600 602/445/598
f 601/426/597 314/427/312 321/446/319
o Head
v 0.000000 1.547964 0.957396
v 0.000000 1.402506 0.788720
v 0.000000 1.226196 0.681939
v 0.000000 1.130778 0.668198
v 0.000000 1.035360 0.681939
v 0.000000 0.859051 0.788720
v 0.029881 1.634106 1.179774
v 0.047640 1.607367 1.047621
v 0.064006 1.548020 0.964877
v 0.078352 1.476622 0.887373
v 0.090125 1.402506 0.800146
v 0.098873 1.317947 0.735330
v 0.104260 1.226196 0.695416
v 0.106079 1.130778 0.681939
v 0.104260 1.035360 0.695416
v 0.098873 0.943609 0.735330
v 0.090125 0.859051 0.800146
v 0.078352 0.784934 0.887401
v 0.064006 0.723969 1.006868
v 0.047640 0.678430 1.160260
v 0.029881 0.655734 1.331972
v 0.047640 1.632517 1.188550
v 0.082475 1.607367 1.063195
v 0.114579 1.548181 0.987050
v 0.142718 1.476622 0.916149
v 0.165812 1.402506 0.833983
v 0.182972 1.317947 0.772927
v 0.193539 1.226196 0.735330
v 0.197107 1.130778 0.722635
v 0.193539 1.035360 0.735330
v 0.182972 0.943609 0.772927
v 0.165812 0.859051 0.833983
v 0.142718 0.784924 0.917097
v 0.114579 0.723924 1.033645
v 0.082475 0.678371 1.181386
v 0.047640 0.658159 1.344741
v 0.064006 1.630040 1.202748
v 0.114579 1.607367 1.088485
v 0.161187 1.548423 1.023105
v 0.202039 1.476622 0.962879
v 0.235566 1.402506 0.888931
v 0.260478 1.317947 0.833983
v 0.275819 1.226196 0.800146
v 0.280999 1.130778 0.788720
v 0.275819 1.035360 0.800146
v 0.260478 0.943609 0.833983
v 0.235566 0.859051 0.888931
v 0.202039 0.784873 0.968689
v 0.161187 0.723831 1.079149
v 0.114579 0.678302 1.213162
v 0.064006 0.661443 1.363225
v 0.078352 1.626638 1.221891
v 0.142718 1.607367 1.122519
v 0.202039 1.548714 1.071723
v 0.254034 1.476622 1.025766
v 0.296706 1.402506 0.962879
v 0.328413 1.317947 0.916149
v 0.347939 1.226196 0.887373
v 0.354532 1.130778 0.877657
v 0.347939 1.035360 0.887373
v 0.328413 0.943603 0.916760
v 0.296706 0.858977 0.969758
v 0.254034 0.784754 1.042729
v 0.202039 0.723686 1.142168
v 0.142718 0.678282 1.255945
v 0.078352 0.665572 1.386793
v 0.090125 1.622385 1.245274
v 0.165812 1.604572 1.165463
v 0.235566 1.549035 1.131056
v 0.296706 1.476622 1.102395
v 0.346882 1.402506 1.052985
v 0.384166 1.317947 1.016269
v 0.407125 1.226196 0.993660
v 0.414878 1.130771 0.986663
v 0.407125 1.035303 0.998997
v 0.384166 0.943470 1.029371
v 0.346882 0.858767 1.079684
v 0.296706 0.784505 1.142797
v 0.235566 0.723520 1.218028
v 0.165812 0.680719 1.312401
v 0.090125 0.670394 1.414572
v 0.000000 1.627887 1.324746
v 0.098873 1.617638 1.272072
v 0.182972 1.593395 1.227186
v 0.260478 1.547409 1.204257
v 0.328413 1.477018 1.190015
v 0.384166 1.402666 1.155864
v 0.425594 1.317947 1.130496
v 0.451105 1.226157 1.118573
v 0.459719 1.130635 1.123171
v 0.451105 1.035070 1.142237
v 0.425594 0.943166 1.172150
v 0.384166 0.858470 1.210454
v 0.328413 0.784341 1.259045
v 0.260478 0.727594 1.304360
v 0.182972 0.687313 1.375765
v 0.098873 0.675608 1.445477
v 0.104260 1.613150 1.301479
v 0.193539 1.576791 1.309341
v 0.275819 1.536345 1.302519
v 0.347939 1.483130 1.289247
v 0.407125 1.411217 1.271620
v 0.451105 1.325056 1.261066
v 0.478188 1.230326 1.264434
v 0.487332 1.132984 1.280183
v 0.478188 1.035825 1.304145
v 0.451105 0.942865 1.331020
v 0.407125 0.862649 1.355261
v 0.347939 0.795644 1.385630
v 0.275819 0.742440 1.403327
v 0.193539 0.698198 1.443202
v 0.104260 0.680792 1.478252
v 0.106079 1.607067 1.332744
v 0.197107 1.561110 1.376636
v 0.280999 1.507836 1.410462
v 0.354532 1.468565 1.405653
v 0.414878 1.414098 1.400903
v 0.459719 1.335149 1.404978
v 0.487332 1.243908 1.419899
v 0.496656 1.149346 1.443665
v 0.487332 1.048229 1.470896
v 0.459719 0.957940 1.495105
v 0.414878 0.883625 1.506862
v 0.354532 0.816484 1.512014
v 0.280999 0.758203 1.501336
v 0.197107 0.709232 1.510475
v 0.106079 0.685462 1.511524
v 0.104260 1.598830 1.364586
v 0.212814 1.546617 1.475686
v 0.276699 1.482507 1.509905
v 0.347939 1.441588 1.526197
v 0.407125 1.391338 1.540490
v 0.451105 1.313930 1.556912
v 0.478188 1.231720 1.577210
v 0.487332 1.155953 1.599012
v 0.478188 1.068377 1.621384
v 0.451105 0.976042 1.641418
v 0.407125 0.898875 1.641468
v 0.347939 0.827508 1.622893
v 0.275819 0.765374 1.595429
v 0.193539 0.717238 1.573450
v 0.104260 0.689155 1.543875
v 0.098873 1.589824 1.395155
v 0.209984 1.538373 1.561074
v 0.259011 1.469074 1.594520
v 0.328413 1.440249 1.633429
v 0.384166 1.385135 1.668070
v 0.425594 1.307217 1.695944
v 0.451105 1.231510 1.716410
v 0.459719 1.165815 1.731822
v 0.451105 1.084985 1.744814
v 0.425594 0.988525 1.755318
v 0.384166 0.906495 1.743926
v 0.328413 0.830273 1.719115
v 0.260478 0.765314 1.675609
v 0.182972 0.720116 1.628295
v 0.098873 0.691502 1.573912
v 0.090125 1.581783 1.422578
v 0.175910 1.529982 1.584547
v 0.234786 1.475907 1.666564
v 0.296706 1.448114 1.728289
v 0.346882 1.393754 1.774006
v 0.384166 1.316574 1.814325
v 0.407125 1.241346 1.834312
v 0.414878 1.174473 1.842286
v 0.407125 1.092566 1.843782
v 0.384166 0.994527 1.850347
v 0.346882 0.909630 1.845275
v 0.296706 0.831642 1.807231
v 0.235566 0.765314 1.744299
v 0.165812 0.720116 1.675609
v 0.090125 0.692292 1.600339
v 0.078352 1.573302 1.448428
v 0.138462 1.520643 1.601013
v 0.201934 1.493400 1.721215
v 0.254034 1.464993 1.801905
v 0.296705 1.401132 1.867716
v 0.328413 1.316574 1.914445
v 0.347939 1.241305 1.938690
v 0.354531 1.174321 1.945375
v 0.347939 1.092709 1.947407
v 0.328413 0.996027 1.950901
v 0.296705 0.915285 1.939180
v 0.254034 0.838929 1.888961
v 0.202039 0.766838 1.805572
v 0.142718 0.720116 1.717080
v 0.078352 0.692284 1.622219
v 0.064006 1.563460 1.473838
v 0.113380 1.515697 1.639885
v 0.161187 1.500804 1.766747
v 0.202039 1.467079 1.863694
v 0.235566 1.401132 1.941664
v 0.260478 1.316574 1.996612
v 0.275819 1.241381 2.025875
v 0.280999 1.174456 2.033965
v 0.275819 1.092887 2.034183
v 0.260478 1.002419 2.037051
v 0.235566 0.923333 2.018642
v 0.202039 0.845297 1.956306
v 0.161187 0.769376 1.856759
v 0.114579 0.720116 1.751115
v 0.064006 0.692284 1.639569
v 0.047640 1.554669 1.496535
v 0.082344 1.515344 1.669687
v 0.114579 1.506535 1.800442
v 0.142718 1.467079 1.910423
v 0.165812 1.401132 1.996612
v 0.182972 1.316574 2.057667
v 0.193539 1.241445 2.090660
v 0.197107 1.174560 2.099796
v 0.193539 1.093035 2.098674
v 0.182972 1.002717 2.097962
v 0.165812 0.923296 2.073483
v 0.142718 0.845297 2.003036
v 0.114579 0.769238 1.893378
v 0.082475 0.720116 1.776405
v 0.047640 0.692284 1.652462
v 0.029881 1.548616 1.514469
v 0.047640 1.512900 1.692001
v 0.064006 1.507184 1.822710
v 0.078352 1.467079 1.939199
v 0.090125 1.401132 2.030449
v 0.098873 1.316574 2.095264
v 0.104260 1.241487 2.130555
v 0.106079 1.174625 2.140335
v 0.104260 1.093132 2.138393
v 0.098873 1.002891 2.135467
v 0.090125 0.923267 2.107252
v 0.078352 0.845297 2.031812
v 0.064006 0.769148 1.915924
v 0.047640 0.720116 1.791978
v 0.029881 0.692284 1.660401
v 0.000000 1.545675 1.526345
v 0.000000 1.511418 1.701380
v 0.000000 1.507184 1.830344
v 0.000000 1.467079 1.948916
v 0.000000 1.401132 2.041874
v 0.000000 1.316574 2.107960
v 0.000000 1.241502 2.144026
v 0.000000 1.174648 2.154023
v 0.000000 1.093166 2.151805
v 0.000000 1.002948 2.148130
v 0.000000 0.923256 2.118654
v 0.000000 0.845297 2.041528
v 0.000000 0.769117 1.923537
v 0.000000 0.720116 1.797237
v 0.000000 0.692284 1.663082
v 0.000000 0.667803 1.502739
v 0.000000 1.634936 1.176656
v 0.000000 1.607367 1.042363
v 0.000000 1.476622 0.877657
v 0.000000 1.317947 0.722635
v 0.000000 0.943609 0.722635
v 0.000000 0.784935 0.877657
v 0.000000 0.724002 0.996083
v 0.000000 0.678478 1.150453
v 0.000000 0.654078 1.325304
v 0.415185 1.462435 1.334076
v 0.403406 1.563908 1.336147
v 0.402897 1.462435 1.264212
v 0.391118 1.563908 1.266283
v 0.288008 1.555518 1.284418
v 0.280230 1.450449 1.357812
v 0.267942 1.450449 1.287948
v 0.300296 1.555518 1.354283
v 0.425324 1.507178 1.260267
v 0.437612 1.507178 1.330131
v 0.280230 1.507178 1.357812
v 0.267942 1.507178 1.287948
v -0.029881 1.634106 1.179774
v -0.047640 1.607367 1.047621
v -0.064006 1.548020 0.964877
v -0.078352 1.476622 0.887373
v -0.090125 1.402506 0.800146
v -0.098873 1.317947 0.735330
v -0.104260 1.226196 0.695416
v -0.106079 1.130778 0.681939
v -0.104260 1.035360 0.695416
v -0.098873 0.943609 0.735330
v -0.090125 0.859051 0.800146
v -0.078352 0.784934 0.887401
v -0.064006 0.723969 1.006868
v -0.047640 0.678430 1.160260
v -0.029881 0.655734 1.331972
v -0.047640 1.632517 1.188550
v -0.082475 1.607367 1.063195
v -0.114579 1.548181 0.987050
v -0.142718 1.476622 0.916149
v -0.165812 1.402506 0.833983
v -0.182972 1.317947 0.772927
v -0.193539 1.226196 0.735330
v -0.197107 1.130778 0.722635
v -0.193539 1.035360 0.735330
v -0.182972 0.943609 0.772927
v -0.165812 0.859051 0.833983
v -0.142718 0.784924 0.917097
v -0.114579 0.723924 1.033645
v -0.082475 0.678371 1.181386
v -0.047640 0.658159 1.344741
v -0.064006 1.630040 1.202748
v -0.114579 1.607367 1.088485
v -0.161187 1.548423 1.023105
v -0.202039 1.476622 0.962879
v -0.235566 1.402506 0.888931
v -0.260478 1.317947 0.833983
v -0.275819 1.226196 0.800146
v -0.280999 1.130778 0.788720
v -0.275819 1.035360 0.800146
v -0.260478 0.943609 0.833983
v -0.235566 0.859051 0.888931
v -0.202039 0.784873 0.968689
v -0.161187 0.723831 1.079149
v -0.114579 0.678302 1.213162
v -0.064006 0.661443 1.363225
v -0.078352 1.626638 1.221891
v -0.142718 1.607367 1.122519
v -0.202039 1.548714 1.071723
v -0.254034 1.476622 1.025766
v -0.296706 1.402506 0.962879
v -0.328413 1.317947 0.916149
v -0.347939 1.226196 0.887373
v -0.354532 1.130778 0.877657
v -0.347939 1.035360 0.887373
v -0.328413 0.943603 0.916760
v -0.296706 0.858977 0.969758
v -0.254034 0.784754 1.042729
v -0.202039 0.723686 1.142168
v -0.142718 0.678282 1.255945
v -0.078352 0.665572 1.386793
v -0.090125 1.622385 1.245274
v -0.165812 1.604572 1.165463
v -0.235566 1.549035 1.131056
v -0.296706 1.476622 1.102395
v -0.346882 1.402506 1.052985
v -0.384166 1.317947 1.016269
v -0.407125 1.226196 0.993660
v -0.414878 1.130771 0.986663
v -0.407125 1.035303 0.998997
v -0.384166 0.943470 1.029371
v -0.346882 0.858767 1.079684
v -0.296706 0.784505 1.142797
v -0.235566 0.723520 1.218028
v -0.165812 0.680719 1.312401
v -0.090125 0.670394 1.414572
v -0.098873 1.617638 1.272072
v -0.182972 1.593395 1.227186
v -0.260478 1.547409 1.204257
v -0.328413 1.477018 1.190015
v -0.384166 1.402666 1.155864
v -0.425594 1.317947 1.130496
v -0.451105 1.226157 1.118573
v -0.459719 1.130635 1.123171
v -0.451105 1.035070 1.142237
v -0.425594 0.943166 1.172150
v -0.384166 0.858470 1.210454
v -0.328413 0.784341 1.259045
v -0.260478 0.727594 1.304360
v -0.182972 0.687313 1.375765
v -0.098873 0.675608 1.445477
v -0.104260 1.613150 1.301479
v -0.193539 1.576791 1.309341
v -0.275819 1.536345 1.302519
v -0.347939 1.483130 1.289247
v -0.407125 1.411217 1.271620
v -0.451105 1.325056 1.261066
v -0.478188 1.230326 1.264434
v -0.487332 1.132984 1.280183
v -0.478188 1.035825 1.304145
v -0.451105 0.942865 1.331020
v -0.407125 0.862649 1.355261
v -0.347939 0.795644 1.385630
v -0.275819 0.742440 1.403327
v -0.193539 0.698198 1.443202
v -0.104260 0.680792 1.478252
v -0.106079 1.607067 1.332744
v -0.197107 1.561110 1.376636
v -0.280999 1.507836 1.410462
v -0.354532 1.468565 1.405653
v -0.414878 1.414098 1.400903
v -0.459719 1.335149 1.404978
v -0.487332 1.243908 1.419899
v -0.496656 1.149346 1.443665
v -0.487332 1.048229 1.470896
v -0.459719 0.957940 1.495105
v -0.414878 0.883625 1.506862
v -0.354532 0.816484 1.512014
v -0.280999 0.758203 1.501336
v -0.197107 0.709232 1.510475
v -0.106079 0.685462 1.511524
v -0.104260 1.598830 1.364586
v -0.212814 1.546617 1.475686
v -0.276699 1.482507 1.509905
v -0.347939 1.441588 1.526197
v -0.407125 1.391338 1.540490
v -0.451105 1.313930 1.556912
v -0.478188 1.231720 1.577210
v -0.487332 1.155953 1.599012
v -0.478188 1.068377 1.621384
v -0.451105 0.976042 1.641418
v -0.407125 0.898875 1.641468
v -0.347939 0.827508 1.622893
v -0.275819 0.765374 1.595429
v -0.193539 0.717238 1.573450
v -0.104260 0.689155 1.543875
v -0.098873 1.589824 1.395155
v -0.209984 1.538373 1.561074
v -0.259011 1.469074 1.594520
v -0.328413 1.440249 1.633429
v -0.384166 1.385135 1.668070
v -0.425594 1.307217 1.695944
v -0.451105 1.231510 1.716410
v -0.459719 1.165815 1.731822
v -0.451105 1.084985 1.744814
v -0.425594 0.988525 1.755318
v -0.384166 0.906495 1.743926
v -0.328413 0.830273 1.719115
v -0.260478 0.765314 1.675609
v -0.182972 0.720116 1.628295
v -0.098873 0.691502 1.573912
v -0.090125 1.581783 1.422578
v -0.175910 1.529982 1.584547
v -0.234786 1.475907 1.666564
v -0.296706 1.448114 1.728289
v -0.346882 1.393754 1.774006
v -0.384166 1.316574 1.814325
v -0.407125 1.241346 1.834312
v -0.414878 1.174473 1.842286
v -0.407125 1.092566 1.843782
v -0.384166 0.994527 1.850347
v -0.346882 0.909630 1.845275
v -0.296706 0.831642 1.807231
v -0.235566 0.765314 1.744299
v -0.165812 0.720116 1.675609
v -0.090125 0.692292 1.600339
v -0.078352 1.573302 1.448428
v -0.138462 1.520643 1.601013
v -0.201934 1.493400 1.721215
v -0.254034 1.464993 1.801905
v -0.296705 1.401132 1.867716
v -0.328413 1.316574 1.914445
v -0.347939 1.241305 1.938690
v -0.354531 1.174321 1.945375
v -0.347939 1.092709 1.947407
v -0.328413 0.996027 1.950901
v -0.296705 0.915285 1.939180
v -0.254034 0.838929 1.888961
v -0.202039 0.766838 1.805572
v -0.142718 0.720116 1.717080
v -0.078352 0.692284 1.622219
v -0.064006 1.563460 1.473838
v -0.113380 1.515697 1.639885
v -0.161187 1.500804 1.766747
v -0.202039 1.467079 1.863694
v -0.235566 1.401132 1.941664
v -0.260478 1.316574 1.996612
v -0.275819 1.241381 2.025875
v -0.280999 1.174456 2.033965
v -0.275819 1.092887 2.034183
v -0.260478 1.002419 2.037051
v -0.235566 0.923333 2.018642
v -0.202039 0.845297 1.956306
v -0.161187 0.769376 1.856759
v -0.114579 0.720116 1.751115
v -0.064006 0.692284 1.639569
v -0.047640 1.554669 1.496535
v -0.082344 1.515344 1.669687
v -0.114579 1.506535 1.800442
v -0.142718 1.467079 1.910423
v -0.165812 1.401132 1.996612
v -0.182972 1.316574 2.057667
v -0.193539 1.241445 2.090660
v -0.197107 1.174560 2.099796
v -0.193539 1.093035 2.098674
v -0.182972 1.002717 2.097962
v -0.165812 0.923296 2.073483
v -0.142718 0.845297 2.003036
v -0.114579 0.769238 1.893378
v -0.082475 0.720116 1.776405
v -0.047640 0.692284 1.652462
v -0.029881 1.548616 1.514469
v -0.047640 1.512900 1.692001
v -0.064006 1.507184 1.822710
v -0.078352 1.467079 1.939199
v -0.090125 1.401132 2.030449
v -0.098873 1.316574 2.095264
v -0.104260 1.241487 2.130555
v -0.106079 1.174625 2.140335
v -0.104260 1.093132 2.138393
v -0.098873 1.002891 2.135467
v -0.090125 0.923267 2.107252
v -0.078352 0.845297 2.031812
v -0.064006 0.769148 1.915924
v -0.047640 0.720116 1.791978
v -0.029881 0.692284 1.660401
v -0.415185 1.462435 1.334076
v -0.403406 1.563908 1.336147
v -0.402897 1.462435 1.264212
v -0.391118 1.563908 1.266283
v -0.288008 1.555518 1.284418
v -0.280230 1.450449 1.357812
v -0.267942 1.450449 1.287948
v -0.300296 1.555518 1.354283
v -0.425324 1.507178 1.260267
v -0.437612 1.507178 1.330131
v -0.280230 1.507178 1.357812
v -0.267942 1.507178 1.287948
vn -0.0000 0.7808 -0.6247
vn -0.0000 0.6913 -0.7226
vn -0.0000 0.2734 -0.9619
vn -0.0000 -0.0000 -1.0000
vn -0.0000 -0.2734 -0.9619
vn -0.0000 -0.6913 -0.7226
vn 0.0599 0.9949 -0.0806
vn 0.1166 0.9110 -0.3956
vn 0.1664 0.7774 -0.6066
vn 0.1782 0.7517 -0.6350
vn 0.1977 0.6841 -0.7020
vn 0.2338 0.5025 -0.8323
vn 0.2598 0.2687 -0.9275
vn 0.2694 -0.0000 -0.9630
vn 0.2598 -0.2687 -0.9275
vn 0.2338 -0.5025 -0.8323
vn 0.1983 -0.6845 -0.7015
vn 0.1592 -0.8262 -0.5405
vn 0.1206 -0.9236 -0.3638
vn 0.0927 -0.9742 -0.2058
vn 0.0728 -0.9968 -0.0320
vn 0.1109 0.9923 -0.0552
vn 0.2289 0.9084 -0.3498
vn 0.3302 0.7665 -0.5509
vn 0.3530 0.7338 -0.5805
vn 0.3878 0.6640 -0.6392
vn 0.4528 0.4825 -0.7498
vn 0.4984 0.2558 -0.8284
vn 0.5150 -0.0000 -0.8572
vn 0.4984 -0.2558 -0.8284
vn 0.4528 -0.4825 -0.7498
vn 0.3900 -0.6665 -0.6354
vn 0.3162 -0.8140 -0.4873
vn 0.2364 -0.9143 -0.3288
vn 0.1666 -0.9695 -0.1795
vn 0.1111 -0.9938 -0.0072
vn 0.1453 0.9891 -0.0238
vn 0.3092 0.9061 -0.2887
vn 0.4565 0.7542 -0.4720
vn 0.4927 0.7114 -0.5012
vn 0.5390 0.6374 -0.5507
vn 0.6210 0.4567 -0.6370
vn 0.6767 0.2395 -0.6962
vn 0.6966 -0.0000 -0.7175
vn 0.6769 -0.2399 -0.6959
vn 0.6231 -0.4595 -0.6330
vn 0.5462 -0.6455 -0.5339
vn 0.4493 -0.7956 -0.4065
vn 0.3366 -0.8989 -0.2805
vn 0.2233 -0.9636 -0.1473
vn 0.1308 -0.9913 0.0168
vn 0.1785 0.9838 0.0187
vn 0.3678 0.9065 -0.2075
vn 0.5501 0.7466 -0.3741
vn 0.5996 0.6896 -0.4062
vn 0.6547 0.6096 -0.4469
vn 0.7446 0.4307 -0.5100
vn 0.8038 0.2231 -0.5515
vn 0.8259 -0.0031 -0.5638
vn 0.8081 -0.2300 -0.5422
vn 0.7534 -0.4423 -0.4866
vn 0.6692 -0.6242 -0.4032
vn 0.5559 -0.7703 -0.3125
vn 0.4224 -0.8784 -0.2237
vn 0.2698 -0.9576 -0.1011
vn 0.1505 -0.9875 0.0471
vn 0.2225 0.9721 0.0742
vn 0.4135 0.9061 -0.0892
vn 0.6059 0.7570 -0.2444
vn 0.6733 0.6756 -0.3003
vn 0.7379 0.5849 -0.3369
vn 0.8312 0.4069 -0.3788
vn 0.8927 0.2038 -0.4019
vn 0.9158 -0.0143 -0.4015
vn 0.8983 -0.2292 -0.3750
vn 0.8408 -0.4285 -0.3309
vn 0.7501 -0.6005 -0.2771
vn 0.6298 -0.7445 -0.2215
vn 0.4888 -0.8593 -0.1509
vn 0.3107 -0.9499 -0.0331
vn 0.1707 -0.9820 0.0808
vn -0.0000 0.9771 0.2126
vn 0.2539 0.9607 0.1123
vn 0.4278 0.9029 0.0410
vn 0.5990 0.7952 -0.0940
vn 0.7000 0.6872 -0.1944
vn 0.7899 0.5650 -0.2383
vn 0.8878 0.3832 -0.2551
vn 0.9490 0.1822 -0.2574
vn 0.9691 -0.0261 -0.2454
vn 0.9478 -0.2260 -0.2251
vn 0.8885 -0.4128 -0.2005
vn 0.7946 -0.5839 -0.1662
vn 0.6737 -0.7308 -0.1100
vn 0.5364 -0.8429 -0.0425
vn 0.3531 -0.9343 0.0488
vn 0.1882 -0.9757 0.1121
vn 0.2682 0.9518 0.1489
vn 0.4177 0.8974 0.1422
vn 0.5391 0.8389 0.0748
vn 0.6716 0.7398 -0.0397
vn 0.8095 0.5742 -0.1221
vn 0.9168 0.3744 -0.1391
vn 0.9760 0.1741 -0.1308
vn 0.9930 -0.0226 -0.1160
vn 0.9722 -0.2123 -0.0992
vn 0.9121 -0.4031 -0.0751
vn 0.8134 -0.5806 -0.0362
vn 0.6873 -0.7261 0.0211
vn 0.5607 -0.8256 0.0631
vn 0.3799 -0.9188 0.1073
vn 0.1984 -0.9716 0.1292
vn 0.2718 0.9433 0.1908
vn 0.4307 0.8886 0.1578
vn 0.5206 0.8377 0.1652
vn 0.6001 0.7891 0.1312
vn 0.7864 0.6155 0.0522
vn 0.9167 0.3995 0.0126
vn 0.9789 0.2043 0.0007
vn 1.0000 0.0076 0.0039
vn 0.9820 -0.1879 0.0216
vn 0.9196 -0.3899 0.0488
vn 0.8133 -0.5770 0.0744
vn 0.6874 -0.7202 0.0938
vn 0.5612 -0.8209 0.1056
vn 0.3849 -0.9147 0.1234
vn 0.2037 -0.9704 0.1298
vn 0.2468 0.9466 0.2076
vn 0.4695 0.8699 0.1510
vn 0.5450 0.8196 0.1770
vn 0.5427 0.8221 0.1724
vn 0.7593 0.6323 0.1538
vn 0.8973 0.4183 0.1411
vn 0.9627 0.2384 0.1279
vn 0.9903 0.0392 0.1332
vn 0.9755 -0.1576 0.1538
vn 0.9147 -0.3650 0.1735
vn 0.8080 -0.5653 0.1659
vn 0.6906 -0.7101 0.1372
vn 0.5560 -0.8233 0.1143
vn 0.3784 -0.9185 0.1145
vn 0.2095 -0.9708 0.1170
vn 0.1623 0.9533 0.2545
vn 0.4354 0.8597 0.2671
vn 0.4939 0.8503 0.1819
vn 0.5239 0.8432 0.1207
vn 0.7510 0.6342 0.1839
vn 0.8718 0.4352 0.2249
vn 0.9311 0.2635 0.2523
vn 0.9559 0.0579 0.2879
vn 0.9400 -0.1312 0.3150
vn 0.8909 -0.3265 0.3156
vn 0.7976 -0.5397 0.2695
vn 0.6816 -0.7002 0.2124
vn 0.5358 -0.8298 0.1558
vn 0.3611 -0.9252 0.1168
vn 0.2163 -0.9712 0.0998
vn 0.0438 0.9443 0.3261
vn 0.2120 0.9297 0.3010
vn 0.3964 0.9088 0.1299
vn 0.5409 0.8325 0.1201
vn 0.7249 0.6360 0.2644
vn 0.8220 0.4482 0.3512
vn 0.8767 0.2653 0.4013
vn 0.8981 0.0524 0.4366
vn 0.8871 -0.1174 0.4464
vn 0.8557 -0.2898 0.4288
vn 0.7663 -0.5176 0.3807
vn 0.6365 -0.7045 0.3138
vn 0.4896 -0.8401 0.2334
vn 0.3283 -0.9324 0.1509
vn 0.2109 -0.9723 0.1006
vn 0.0206 0.9381 0.3458
vn 0.1208 0.9630 0.2408
vn 0.2997 0.9483 0.1049
vn 0.4776 0.8504 0.2208
vn 0.6442 0.6473 0.4074
vn 0.7369 0.4540 0.5008
vn 0.7940 0.2567 0.5511
vn 0.8206 0.0426 0.5698
vn 0.8200 -0.1000 0.5635
vn 0.7961 -0.2603 0.5464
vn 0.6985 -0.5123 0.4996
vn 0.5603 -0.7155 0.4173
vn 0.4236 -0.8496 0.3142
vn 0.2823 -0.9387 0.1977
vn 0.1832 -0.9754 0.1223
vn 0.0602 0.9452 0.3209
vn 0.1123 0.9811 0.1573
vn 0.2083 0.9675 0.1434
vn 0.3718 0.8618 0.3451
vn 0.5227 0.6657 0.5326
vn 0.6149 0.4725 0.6314
vn 0.6718 0.2640 0.6921
vn 0.6972 0.0484 0.7152
vn 0.6992 -0.0724 0.7113
vn 0.6788 -0.2280 0.6981
vn 0.5932 -0.5094 0.6234
vn 0.4690 -0.7286 0.4992
vn 0.3527 -0.8573 0.3749
vn 0.2283 -0.9442 0.2372
vn 0.1443 -0.9788 0.1455
vn 0.0533 0.9528 0.2989
vn 0.0515 0.9899 0.1319
vn 0.1302 0.9763 0.1727
vn 0.2624 0.8719 0.4135
vn 0.3750 0.6909 0.6180
vn 0.4483 0.4971 0.7430
vn 0.4949 0.2764 0.8238
vn 0.5157 0.0543 0.8551
vn 0.5173 -0.0509 0.8543
vn 0.5021 -0.2089 0.8392
vn 0.4372 -0.5193 0.7343
vn 0.3431 -0.7494 0.5663
vn 0.2573 -0.8712 0.4182
vn 0.1641 -0.9502 0.2651
vn 0.1004 -0.9815 0.1630
vn 0.0266 0.9597 0.2798
vn 0.0002 0.9933 0.1152
vn 0.0514 0.9798 0.1931
vn 0.1297 0.8816 0.4538
vn 0.1910 0.7100 0.6778
vn 0.2314 0.5163 0.8245
vn 0.2580 0.2865 0.9227
vn 0.2700 0.0588 0.9611
vn 0.2712 -0.0384 0.9617
vn 0.2626 -0.1974 0.9445
vn 0.2263 -0.5260 0.8198
vn 0.1733 -0.7658 0.6192
vn 0.1274 -0.8830 0.4517
vn 0.0797 -0.9552 0.2851
vn 0.0478 -0.9833 0.1756
vn -0.0000 0.9643 0.2648
vn -0.0000 0.9942 0.1074
vn -0.0000 0.9814 0.1921
vn -0.0000 0.8860 0.4637
vn -0.0000 0.7172 0.6969
vn -0.0000 0.5232 0.8522
vn -0.0000 0.2902 0.9570
vn -0.0000 0.0603 0.9982
vn -0.0000 -0.0336 0.9994
vn -0.0000 -0.1933 0.9811
vn -0.0000 -0.5291 0.8485
vn -0.0000 -0.7717 0.6359
vn -0.0000 -0.8874 0.4610
vn -0.0000 -0.9572 0.2893
vn -0.0000 -0.9839 0.1789
vn -0.0000 -0.9934 0.1145
vn -0.0000 0.9965 -0.0836
vn -0.0000 0.9139 -0.4059
vn -0.0000 0.7568 -0.6537
vn -0.0000 0.5098 -0.8603
vn -0.0000 -0.5098 -0.8603
vn -0.0000 -0.8309 -0.5564
vn -0.0000 -0.9262 -0.3771
vn -0.0000 -0.9762 -0.2167
vn -0.0000 -0.9991 -0.0422
vn 0.5416 -0.6552 0.5267
vn 0.4603 0.7089 0.5345
vn 0.3294 -0.6552 -0.6798
vn 0.2503 0.7089 -0.6595
vn -0.5637 0.6442 -0.5170
vn -0.4461 -0.6043 0.6602
vn -0.6446 -0.6043 -0.4683
vn -0.3535 0.6442 0.6783
vn 0.6723 0.0311 -0.7396
vn 0.8843 0.0311 0.4658
vn -0.6057 0.1480 0.7818
vn -0.8361 0.1479 -0.5283
vn -0.0599 0.9949 -0.0806
vn -0.1166 0.9110 -0.3956
vn -0.1664 0.7774 -0.6066
vn -0.1782 0.7517 -0.6350
vn -0.1977 0.6841 -0.7020
vn -0.2338 0.5025 -0.8323
vn -0.2598 0.2687 -0.9275
vn -0.2694 -0.0000 -0.9630
vn -0.2598 -0.2687 -0.9275
vn -0.2338 -0.5025 -0.8323
vn -0.1983 -0.6845 -0.7015
vn -0.1592 -0.8262 -0.5405
vn -0.1206 -0.9236 -0.3638
vn -0.0927 -0.9742 -0.2058
vn -0.0728 -0.9968 -0.0320
vn -0.1109 0.9923 -0.0552
vn -0.2289 0.9084 -0.3498
vn -0.3302 0.7665 -0.5509
vn -0.3530 0.7338 -0.5805
vn -0.3878 0.6640 -0.6392
vn -0.4528 0.4825 -0.7498
vn -0.4984 0.2558 -0.8284
vn -0.5150 -0.0000 -0.8572
vn -0.4984 -0.2558 -0.8284
vn -0.4528 -0.4825 -0.7498
vn -0.3900 -0.6665 -0.6354
vn -0.3162 -0.8140 -0.4873
vn -0.2364 -0.9143 -0.3288
vn -0.1666 -0.9695 -0.1795
vn -0.1111 -0.9938 -0.0072
vn -0.1453 0.9891 -0.0238
vn -0.3092 0.9061 -0.2887
vn -0.4565 0.7542 -0.4720
vn -0.4927 0.7113 -0.5012
vn -0.5390 0.6374 -0.5507
vn -0.6210 0.4567 -0.6370
vn -0.6767 0.2395 -0.6962
vn -0.6966 -0.0000 -0.7175
vn -0.6769 -0.2399 -0.6959
vn -0.6231 -0.4595 -0.6330
vn -0.5462 -0.6455 -0.5339
vn -0.4493 -0.7956 -0.4065
vn -0.3366 -0.8989 -0.2805
vn -0.2233 -0.9636 -0.1473
vn -0.1308 -0.9913 0.0168
vn -0.1785 0.9838 0.0187
vn -0.3678 0.9065 -0.2075
vn -0.5501 0.7466 -0.3741
vn -0.5996 0.6896 -0.4062
vn -0.6547 0.6096 -0.4469
vn -0.7446 0.4307 -0.5100
vn -0.8038 0.2231 -0.5515
vn -0.8259 -0.0031 -0.5638
vn -0.8081 -0.2300 -0.5422
vn -0.7534 -0.4423 -0.4866
vn -0.6692 -0.6242 -0.4032
vn -0.5559 -0.7703 -0.3125
vn -0.4224 -0.8784 -0.2237
vn -0.2698 -0.9576 -0.1011
vn -0.1505 -0.9875 0.0471
vn -0.2225 0.9721 0.0742
vn -0.4135 0.9061 -0.0892
vn -0.6059 0.7570 -0.2444
vn -0.6733 0.6756 -0.3003
vn -0.7379 0.5849 -0.3369
vn -0.8312 0.4069 -0.3788
vn -0.8927 0.2038 -0.4019
vn -0.9158 -0.0143 -0.4015
vn -0.8983 -0.2292 -0.3750
vn -0.8408 -0.4285 -0.3309
vn -0.7501 -0.6005 -0.2771
vn -0.6298 -0.7445 -0.2215
vn -0.4888 -0.8593 -0.1509
vn -0.3107 -0.9499 -0.0331
vn -0.1707 -0.9820 0.0808
vn -0.2539 0.9607 0.1123
vn -0.4278 0.9029 0.0410
vn -0.5990 0.7952 -0.0940
vn -0.7000 0.6872 -0.1944
vn -0.7899 0.5650 -0.2383
vn -0.8878 0.3832 -0.2551
vn -0.9490 0.1822 -0.2574
vn -0.9691 -0.0261 -0.2454
vn -0.9478 -0.2260 -0.2251
vn -0.8885 -0.4128 -0.2005
vn -0.7946 -0.5839 -0.1662
vn -0.6737 -0.7308 -0.1100
vn -0.5364 -0.8429 -0.0425
vn -0.3531 -0.9343 0.0488
vn -0.1882 -0.9757 0.1121
vn -0.2682 0.9518 0.1489
vn -0.4177 0.8974 0.1422
vn -0.5391 0.8389 0.0748
vn -0.6716 0.7398 -0.0397
vn -0.8095 0.5742 -0.1221
vn -0.9168 0.3744 -0.1391
vn -0.9760 0.1741 -0.1308
vn -0.9930 -0.0226 -0.1160
vn -0.9722 -0.2123 -0.0992
vn -0.9121 -0.4031 -0.0751
vn -0.8134 -0.5806 -0.0362
vn -0.6873 -0.7261 0.0211
vn -0.5607 -0.8256 0.0631
vn -0.3799 -0.9188 0.1073
vn -0.1984 -0.9716 0.1292
vn -0.2718 0.9433 0.1908
vn -0.4307 0.8886 0.1578
vn -0.5206 0.8377 0.1652
vn -0.6001 0.7891 0.1312
vn -0.7864 0.6155 0.0522
vn -0.9167 0.3995 0.0126
vn -0.9789 0.2043 0.0007
vn -1.0000 0.0076 0.0039
vn -0.9820 -0.1879 0.0216
vn -0.9196 -0.3899 0.0488
vn -0.8133 -0.5770 0.0744
vn -0.6874 -0.7202 0.0938
vn -0.5612 -0.8209 0.1056
vn -0.3849 -0.9147 0.1234
vn -0.2037 -0.9704 0.1298
vn -0.2468 0.9466 0.2076
vn -0.4695 0.8699 0.1510
vn -0.5450 0.8196 0.1770
vn -0.5427 0.8221 0.1724
vn -0.7593 0.6323 0.1538
vn -0.8973 0.4183 0.1411
vn -0.9627 0.2384 0.1279
vn -0.9903 0.0392 0.1332
vn -0.9755 -0.1576 0.1538
vn -0.9147 -0.3650 0.1735
vn -0.8080 -0.5653 0.1659
vn -0.6906 -0.7101 0.1372
vn -0.5560 -0.8233 0.1143
vn -0.3784 -0.9185 0.1145
vn -0.2095 -0.9708 0.1170
vn -0.1623 0.9533 0.2545
vn -0.4354 0.8597 0.2671
vn -0.4939 0.8503 0.1819
vn -0.5239 0.8432 0.1207
vn -0.7510 0.6342 0.1839
vn -0.8718 0.4352 0.2249
vn -0.9311 0.2635 0.2523
vn -0.9559 0.0579 0.2879
vn -0.9400 -0.1312 0.3150
vn -0.8909 -0.3265 0.3156
vn -0.7976 -0.5397 0.2695
vn -0.6816 -0.7002 0.2124
vn -0.5358 -0.8298 0.1558
vn -0.3611 -0.9252 0.1168
vn -0.2163 -0.9712 0.0998
vn -0.0438 0.9443 0.3261
vn -0.2120 0.9297 0.3010
vn -0.3964 0.9088 0.1299
vn -0.5409 0.8325 0.1201
vn -0.7249 0.6360 0.2644
vn -0.8220 0.4482 0.3512
vn -0.8767 0.2653 0.4013
vn -0.8981 0.0524 0.4366
vn -0.8871 -0.1174 0.4464
vn -0.8557 -0.2898 0.4288
vn -0.7663 -0.5176 0.3807
vn -0.6365 -0.7045 0.3138
vn -0.4896 -0.8401 0.2334
vn -0.3283 -0.9324 0.1509
vn -0.2109 -0.9723 0.1006
vn -0.0206 0.9381 0.3458
vn -0.1208 0.9630 0.2408
vn -0.2997 0.9483 0.1049
vn -0.4776 0.8504 0.2208
vn -0.6442 0.6473 0.4074
vn -0.7369 0.4540 0.5008
vn -0.7940 0.2567 0.5511
vn -0.8206 0.0426 0.5698
vn -0.8200 -0.1000 0.5635
vn -0.7961 -0.2603 0.5464
vn -0.6985 -0.5123 0.4996
vn -0.5603 -0.7155 0.4173
vn -0.4236 -0.8496 0.3142
vn -0.2823 -0.9387 0.1977
vn -0.1832 -0.9754 0.1223
vn -0.0602 0.9452 0.3209
vn -0.1123 0.9811 0.1573
vn -0.2083 0.9675 0.1434
vn -0.3718 0.8618 0.3451
vn -0.5227 0.6657 0.5326
vn -0.6149 0.4725 0.6314
vn -0.6718 0.2640 0.6921
vn -0.6972 0.0484 0.7152
vn -0.6992 -0.0724 0.7113
vn -0.6788 -0.2280 0.6981
vn -0.5932 -0.5094 0.6234
vn -0.4690 -0.7286 0.4992
vn -0.3527 -0.8573 0.3749
vn -0.2283 -0.9442 0.2372
vn -0.1443 -0.9788 0.1455
vn -0.0533 0.9528 0.2989
vn -0.0515 0.9899 0.1319
vn -0.1302 0.9763 0.1727
vn -0.2624 0.8719 0.4135
vn -0.3750 0.6909 0.6180
vn -0.4483 0.4971 0.7430
vn -0.4949 0.2764 0.8238
vn -0.5157 0.0543 0.8551
vn -0.5173 -0.0509 0.8543
vn -0.5021 -0.2089 0.8392
vn -0.4372 -0.5193 0.7343
vn -0.3431 -0.7494 0.5663
vn -0.2573 -0.8712 0.4182
vn -0.1641 -0.9502 0.2651
vn -0.1004 -0.9815 0.1630
vn -0.0266 0.9597 0.2798
vn -0.0002 0.9933 0.1152
vn -0.0514 0.9798 0.1931
vn -0.1297 0.8816 0.4538
vn -0.1910 0.7100 0.6778
vn -0.2314 0.5163 0.8245
vn -0.2580 0.2865 0.9227
vn -0.2700 0.0588 0.9611
vn -0.2712 -0.0384 0.9617
vn -0.2626 -0.1974 0.9445
vn -0.2263 -0.5260 0.8198
vn -0.1733 -0.7658 0.6192
vn -0.1274 -0.8830 0.4517
vn -0.0797 -0.9552 0.2851
vn -0.0478 -0.9833 0.1756
vn -0.5416 -0.6552 0.5267
vn -0.4603 0.7089 0.5345
vn -0.3294 -0.6552 -0.6798
vn -0.2503 0.7089 -0.6595
vn 0.5637 0.6442 -0.5170
vn 0.4461 -0.6043 0.6602
vn 0.6446 -0.6043 -0.4683
vn 0.3535 0.6442 0.6783
vn -0.6723 0.0311 -0.7396
vn -0.8843 0.0311 0.4658
vn 0.6057 0.1480 0.7818
vn 0.8361 0.1479 -0.5283
vt 0.916012 0.800936
vt 0.913938 0.847388
vt 0.901335 0.844871
vt 0.908012 0.799166
vt 0.111130 0.881037
vt 0.110493 0.858482
vt 0.138704 0.855289
vt 0.139835 0.877791
vt 0.677369 0.723034
vt 0.681735 0.691425
vt 0.685244 0.721713
vt 0.915901 0.752630
vt 0.113756 0.906240
vt 0.141967 0.903047
vt 0.676082 0.756997
vt 0.688540 0.754621
vt 0.118271 0.933123
vt 0.145018 0.930086
vt 0.678570 0.785031
vt 0.695315 0.781738
vt 0.124500 0.960653
vt 0.148870 0.957871
vt 0.682132 0.813772
vt 0.702650 0.809629
vt 0.132204 0.987772
vt 0.153377 0.985335
vt 0.685676 0.844978
vt 0.709283 0.840158
vt 0.910726 0.887672
vt 0.906764 0.917788
vt 0.886006 0.915369
vt 0.893782 0.884934
vt 0.690630 0.872766
vt 0.716533 0.867443
vt 0.696803 0.896069
vt 0.724120 0.890435
vt 0.880464 0.877844
vt 0.892174 0.839264
vt 0.739255 0.856995
vt 0.748242 0.879344
vt 0.903208 0.795694
vt 0.164915 0.855289
vt 0.166560 0.877791
vt 0.690189 0.719570
vt 0.168178 0.903047
vt 0.697952 0.750293
vt 0.169708 0.930086
vt 0.708955 0.775527
vt 0.171091 0.957871
vt 0.720041 0.801633
vt 0.172341 0.985426
vt 0.729733 0.830755
vt 0.869037 0.907527
vt 0.706908 0.743889
vt 0.721920 0.766338
vt 0.194374 0.932631
vt 0.193289 0.960161
vt 0.736589 0.789800
vt 0.191572 0.987855
vt 0.749191 0.816841
vt 0.853493 0.893763
vt 0.868274 0.865691
vt 0.760876 0.841534
vt 0.883778 0.830776
vt 0.771195 0.862931
vt 0.898746 0.790649
vt 0.191100 0.857990
vt 0.193258 0.880545
vt 0.694983 0.716404
vt 0.194363 0.905748
vt 0.780564 0.821655
vt 0.792096 0.841827
vt 0.876475 0.819305
vt 0.894791 0.784202
vt 0.742114 0.335237
vt 0.716874 0.330145
vt 0.716403 0.306306
vt 0.741634 0.310931
vt 0.699454 0.712341
vt 0.218904 0.885948
vt 0.219516 0.911047
vt 0.715063 0.735655
vt 0.218112 0.937683
vt 0.733717 0.754513
vt 0.215112 0.965335
vt 0.751658 0.774585
vt 0.210516 0.992780
vt 0.766910 0.798950
vt 0.839984 0.873923
vt 0.857681 0.848796
vt 0.818537 0.291908
vt 0.793632 0.304375
vt 0.794267 0.273716
vt 0.819316 0.261995
vt 0.743891 0.740503
vt 0.764668 0.756572
vt 0.824105 0.891483
vt 0.811221 0.861955
vt 0.829056 0.847037
vt 0.782209 0.777769
vt 0.849082 0.828417
vt 0.797564 0.798120
vt 0.870421 0.804056
vt 0.692982 0.296637
vt 0.693315 0.269357
vt 0.716757 0.277346
vt 0.891495 0.776590
vt 0.742010 0.281231
vt 0.703436 0.707540
vt 0.767706 0.310335
vt 0.768189 0.279931
vt 0.722362 0.726018
vt 0.865730 0.786800
vt 0.888991 0.768114
vt 0.718009 0.243389
vt 0.743509 0.244135
vt 0.706762 0.702138
vt 0.769885 0.241016
vt 0.729270 0.713691
vt 0.796054 0.234935
vt 0.752348 0.723954
vt 0.820980 0.226478
vt 0.775095 0.736350
vt 0.842248 0.246627
vt 0.843746 0.215057
vt 0.794489 0.754071
vt 0.821094 0.815752
vt 0.842566 0.805060
vt 0.811220 0.771835
vt 0.694412 0.238301
vt 0.759716 0.703586
vt 0.782219 0.712981
vt 0.822202 0.187111
vt 0.842776 0.180483
vt 0.802735 0.726585
vt 0.815746 0.781297
vt 0.838018 0.777940
vt 0.673517 0.229770
vt 0.672945 0.198176
vt 0.694461 0.202719
vt 0.862556 0.768298
vt 0.719124 0.203724
vt 0.887388 0.759126
vt 0.745333 0.201487
vt 0.709266 0.696206
vt 0.772259 0.197078
vt 0.735425 0.697866
vt 0.798699 0.191846
vt 0.718493 0.161314
vt 0.744120 0.156847
vt 0.711020 0.690203
vt 0.886764 0.750009
vt 0.772186 0.151637
vt 0.739314 0.685358
vt 0.797867 0.147072
vt 0.766079 0.684060
vt 0.819546 0.145595
vt 0.788067 0.689375
vt 0.839656 0.145802
vt 0.807841 0.697383
vt 0.813279 0.746572
vt 0.836111 0.751023
vt 0.674677 0.163086
vt 0.694538 0.163512
vt 0.861231 0.749816
vt 0.818567 0.108850
vt 0.839270 0.115567
vt 0.791587 0.667127
vt 0.811220 0.670301
vt 0.814819 0.716294
vt 0.837433 0.725396
vt 0.684023 0.125794
vt 0.703762 0.122847
vt 0.861958 0.732567
vt 0.725420 0.119004
vt 0.887157 0.741161
vt 0.745958 0.114672
vt 0.712017 0.684502
vt 0.770274 0.110492
vt 0.747067 0.665342
vt 0.796400 0.107100
vt 0.769519 0.666157
vt 0.888567 0.732968
vt 0.747032 0.078588
vt 0.769317 0.076803
vt 0.712120 0.679292
vt 0.749182 0.647840
vt 0.796297 0.076073
vt 0.768179 0.650015
vt 0.819446 0.081017
vt 0.789402 0.644149
vt 0.841210 0.089514
vt 0.809054 0.643675
vt 0.820210 0.690188
vt 0.841814 0.703717
vt 0.689153 0.091451
vt 0.709356 0.085421
vt 0.864807 0.717648
vt 0.729320 0.081400
vt 0.828883 0.666279
vt 0.848689 0.685111
vt 0.690301 0.062698
vt 0.710704 0.053297
vt 0.869542 0.704832
vt 0.730612 0.049403
vt 0.890944 0.725788
vt 0.748509 0.048632
vt 0.711195 0.674713
vt 0.770811 0.049980
vt 0.741632 0.644833
vt 0.798050 0.050342
vt 0.448137 0.694534
vt 0.448436 0.671836
vt 0.459303 0.669692
vt 0.459303 0.689756
vt 0.821970 0.053622
vt 0.763230 0.633654
vt 0.783023 0.622778
vt 0.843746 0.065723
vt 0.801457 0.619883
vt 0.709483 0.670626
vt 0.733104 0.643608
vt 0.774896 0.022099
vt 0.801593 0.023254
vt 0.754761 0.619691
vt 0.824074 0.028229
vt 0.772551 0.604973
vt 0.811221 0.653781
vt 0.824571 0.628130
vt 0.840102 0.643885
vt 0.790309 0.599313
vt 0.857734 0.668437
vt 0.691938 0.037322
vt 0.714642 0.026358
vt 0.875830 0.693577
vt 0.734762 0.021322
vt 0.894153 0.719851
vt 0.752699 0.020906
vt 0.464788 0.885475
vt 0.468799 0.860636
vt 0.490686 0.862232
vt 0.489107 0.887249
vt 0.868626 0.654435
vt 0.883429 0.684316
vt 0.462048 0.906855
vt 0.487862 0.908717
vt 0.898027 0.715130
vt 0.461183 0.925204
vt 0.487477 0.927077
vt 0.707201 0.666915
vt 0.463415 0.947125
vt 0.489195 0.948945
vt 0.728006 0.636433
vt 0.469182 0.972950
vt 0.493800 0.973142
vt 0.744810 0.609518
vt 0.803908 -0.000000
vt 0.825582 0.006731
vt 0.760528 0.592326
vt 0.840639 0.606275
vt 0.853792 0.625375
vt 0.468799 0.863565
vt 0.474178 0.843468
vt 0.492692 0.844228
vt 0.490686 0.865162
vt 0.515780 0.949851
vt 0.518855 0.973958
vt 0.720772 0.630697
vt 0.733170 0.602370
vt 0.499090 0.993398
vt 0.521643 0.994215
vt 0.746385 0.583516
vt 0.859364 0.591288
vt 0.869715 0.612604
vt 0.511879 0.844917
vt 0.513248 0.865973
vt 0.881144 0.644430
vt 0.513248 0.863044
vt 0.514176 0.888151
vt 0.892046 0.677404
vt 0.514472 0.909656
vt 0.902420 0.711606
vt 0.514590 0.928016
vt 0.250320 0.686449
vt 0.256212 0.663399
vt 0.256212 0.689810
vt 0.704243 0.663691
vt 0.894658 0.638212
vt 0.901351 0.673107
vt 0.539031 0.888145
vt 0.540856 0.909637
vt 0.907164 0.709415
vt 0.541480 0.927986
vt 0.700587 0.661126
vt 0.542150 0.949812
vt 0.712562 0.627034
vt 0.543702 0.973902
vt 0.720610 0.598639
vt 0.544006 0.994215
vt 0.730476 0.578801
vt 0.879582 0.581971
vt 0.886909 0.604664
vt 0.530902 0.844913
vt 0.535616 0.865968
vt 0.535616 0.863038
vt 0.700597 0.626408
vt 0.704250 0.598584
vt 0.570340 0.972796
vt 0.568276 0.993219
vt 0.710458 0.578652
vt 0.903546 0.578652
vt 0.907741 0.601831
vt 0.551986 0.844038
vt 0.559888 0.864970
vt 0.911676 0.635986
vt 0.559888 0.862040
vt 0.565672 0.887055
vt 0.914015 0.671560
vt 0.568955 0.908487
vt 0.915105 0.708612
vt 0.570068 0.926813
vt 0.693395 0.659724
vt 0.570244 0.948655
vt 0.240729 0.659833
vt 0.229423 0.651683
vt 0.229610 0.624890
vt 0.244123 0.619742
vt 0.229423 0.677549
vt 0.231334 0.663399
vt 0.250320 0.663399
vt 0.248410 0.677549
vt 0.424488 0.676367
vt 0.424488 0.639212
vt 0.443545 0.639508
vt 0.443545 0.676663
vt 0.213444 0.619742
vt 0.229423 0.628122
vt 0.229423 0.656372
vt 0.216882 0.662648
vt 0.443545 0.664757
vt 0.443545 0.639212
vt 0.459303 0.644146
vt 0.459303 0.669691
vt 0.201920 0.626602
vt 0.201650 0.663593
vt 0.230217 0.690362
vt 0.249203 0.690362
vt 0.254505 0.663399
vt 0.254505 0.628267
vt 0.201650 0.692661
vt 0.201650 0.677559
vt 0.220917 0.677559
vt 0.220917 0.692661
vt 0.220917 0.663593
vt 0.201650 0.663593
s 1
usemtl hippo
f 861/447/857 860/448/856 624/449/620 625/450/621
f 608/451/604 607/452/603 617/453/613 618/454/614
f 853/455/849 686/456/682 611/457/607
f 852/458/848 861/447/857 625/450/621
f 609/459/605 608/451/604 618/454/614 619/460/615
f 854/461/850 853/455/849 611/457/607 612/462/608
f 857/463/853 609/459/605 619/460/615 620/464/616
f 605/465/601 854/461/850 612/462/608 613/466/609
f 610/467/606 857/463/853 620/464/616 621/468/617
f 855/469/851 605/465/601 613/466/609 614/470/610
f 858/471/854 610/467/606 621/468/617 622/472/618
f 606/473/602 855/469/851 614/470/610 615/474/611
f 859/475/855 858/476/854 622/477/618 623/478/619
f 856/479/852 606/473/602 615/474/611 616/480/612
f 860/448/856 859/475/855 623/478/619 624/449/620
f 607/481/603 856/479/852 616/480/612 617/482/613
f 624/449/620 623/478/619 638/483/634 639/484/635
f 617/482/613 616/480/612 631/485/627 632/486/628
f 625/450/621 624/449/620 639/484/635 640/487/636
f 618/454/614 617/453/613 632/488/628 633/489/629
f 611/457/607 686/456/682 626/490/622
f 852/458/848 625/450/621 640/487/636
f 619/460/615 618/454/614 633/489/629 634/491/630
f 612/462/608 611/457/607 626/490/622 627/492/623
f 620/464/616 619/460/615 634/491/630 635/493/631
f 613/466/609 612/462/608 627/492/623 628/494/624
f 621/468/617 620/464/616 635/493/631 636/495/632
f 614/470/610 613/466/609 628/494/624 629/496/625
f 622/472/618 621/468/617 636/495/632 637/497/633
f 615/474/611 614/470/610 629/496/625 630/498/626
f 623/478/619 622/477/618 637/499/633 638/483/634
f 616/480/612 615/474/611 630/498/626 631/485/627
f 628/494/624 627/492/623 642/500/638 643/501/639
f 636/495/632 635/493/631 650/502/646 651/503/647
f 629/496/625 628/494/624 643/501/639 644/504/640
f 637/497/633 636/495/632 651/503/647 652/505/648
f 630/498/626 629/496/625 644/504/640 645/506/641
f 638/483/634 637/499/633 652/507/648 653/508/649
f 631/485/627 630/498/626 645/506/641 646/509/642
f 639/484/635 638/483/634 653/508/649 654/510/650
f 632/486/628 631/485/627 646/509/642 647/511/643
f 640/487/636 639/484/635 654/510/650 655/512/651
f 633/489/629 632/488/628 647/513/643 648/514/644
f 626/490/622 686/456/682 641/515/637
f 852/458/848 640/487/636 655/512/651
f 634/491/630 633/489/629 648/514/644 649/516/645
f 627/492/623 626/490/622 641/515/637 642/500/638
f 635/493/631 634/491/630 649/516/645 650/502/646
f 647/511/643 646/509/642 661/517/657 662/518/658
f 655/512/651 654/510/650 669/519/665 670/520/666
f 648/521/644 647/522/643 662/523/658 663/524/659
f 641/515/637 686/456/682 656/525/652
f 852/458/848 655/512/651 670/520/666
f 649/516/645 648/514/644 663/526/659 664/527/660
f 642/500/638 641/515/637 656/525/652 657/528/653
f 650/502/646 649/516/645 664/527/660 665/529/661
f 643/501/639 642/500/638 657/528/653 658/530/654
f 651/503/647 650/502/646 665/529/661 666/531/662
f 644/504/640 643/501/639 658/530/654 659/532/655
f 652/505/648 651/503/647 666/531/662 667/533/663
f 645/506/641 644/504/640 659/532/655 660/534/656
f 653/508/649 652/507/648 667/535/663 668/536/664
f 646/509/642 645/506/641 660/534/656 661/517/657
f 654/510/650 653/508/649 668/536/664 669/519/665
f 666/537/662 665/538/661 680/539/676 681/540/677
f 659/532/655 658/530/654 673/541/669 674/542/670
f 667/535/663 666/543/662 681/544/677 682/545/678
f 660/534/656 659/532/655 674/542/670 675/546/671
f 668/536/664 667/535/663 682/545/678 683/547/679
f 661/517/657 660/534/656 675/546/671 676/548/672
f 669/519/665 668/536/664 683/547/679 684/549/680
f 662/523/658 661/550/657 676/551/672 677/552/673
f 670/520/666 669/519/665 684/549/680 685/553/681
f 663/524/659 662/523/658 677/552/673 678/554/674
f 656/525/652 686/456/682 671/555/667
f 852/458/848 670/520/666 685/553/681
f 664/556/660 663/524/659 678/554/674 679/557/675
f 657/528/653 656/525/652 671/555/667 672/558/668
f 665/538/661 664/556/660 679/557/675 680/539/676
f 658/530/654 657/528/653 672/558/668 673/541/669
f 685/553/681 684/549/680 700/559/696 701/560/697
f 678/554/674 677/552/673 693/561/689 694/562/690
f 671/555/667 686/456/682 687/563/683
f 852/458/848 685/553/681 701/560/697
f 679/557/675 678/554/674 694/562/690 695/564/691
f 672/558/668 671/555/667 687/563/683 688/565/684
f 680/539/676 679/557/675 695/564/691 696/566/692
f 673/541/669 672/558/668 688/565/684 689/567/685
f 681/540/677 680/539/676 696/566/692 697/568/693
f 674/542/670 673/541/669 689/567/685 690/569/686
f 682/570/678 681/540/677 697/568/693 698/571/694
f 675/546/671 674/542/670 690/569/686 691/572/687
f 683/547/679 682/545/678 698/573/694 699/574/695
f 676/548/672 675/546/671 691/572/687 692/575/688
f 684/549/680 683/547/679 699/574/695 700/559/696
f 677/552/673 676/551/672 692/576/688 693/561/689
f 690/569/686 689/567/685 704/577/700 705/578/701
f 698/571/694 697/568/693 712/579/708 713/580/709
f 691/572/687 690/569/686 705/578/701 706/581/702
f 699/574/695 698/573/694 713/582/709 714/583/710
f 692/576/688 691/584/687 706/585/702 707/586/703
f 700/559/696 699/574/695 714/583/710 715/587/711
f 693/561/689 692/576/688 707/586/703 708/588/704
f 701/560/697 700/559/696 715/587/711 716/589/712
f 694/562/690 693/561/689 708/588/704 709/590/705
f 687/563/683 686/456/682 702/591/698
f 852/458/848 701/560/697 716/589/712
f 695/564/691 694/562/690 709/590/705 710/592/706
f 688/565/684 687/563/683 702/591/698 703/593/699
f 696/566/692 695/564/691 710/592/706 711/594/707
f 689/567/685 688/565/684 703/593/699 704/577/700
f 697/568/693 696/566/692 711/594/707 712/579/708
f 709/590/705 708/588/704 723/595/719 724/596/720
f 702/591/698 686/456/682 717/597/713
f 852/458/848 716/589/712 731/598/727
f 710/592/706 709/590/705 724/596/720 725/599/721
f 703/593/699 702/591/698 717/597/713 718/600/714
f 711/594/707 710/592/706 725/599/721 726/601/722
f 704/577/700 703/593/699 718/600/714 719/602/715
f 712/579/708 711/594/707 726/601/722 727/603/723
f 705/578/701 704/577/700 719/602/715 720/604/716
f 713/580/709 712/579/708 727/603/723 728/605/724
f 706/581/702 705/578/701 720/604/716 721/606/717
f 714/583/710 713/582/709 728/607/724 729/608/725
f 707/586/703 706/585/702 721/609/717 722/610/718
f 715/587/711 714/583/710 729/608/725 730/611/726
f 708/588/704 707/586/703 722/610/718 723/595/719
f 716/589/712 715/587/711 730/611/726 731/598/727
f 728/605/724 727/603/723 742/612/738 743/613/739
f 721/606/717 720/604/716 735/614/731 736/615/732
f 729/608/725 728/607/724 743/616/739 744/617/740
f 722/610/718 721/609/717 736/618/732 737/619/733
f 730/611/726 729/608/725 744/617/740 745/620/741
f 723/595/719 722/610/718 737/619/733 738/621/734
f 731/598/727 730/611/726 745/620/741 746/622/742
f 724/596/720 723/595/719 738/621/734 739/623/735
f 717/597/713 686/456/682 732/624/728
f 852/458/848 731/598/727 746/622/742
f 725/599/721 724/596/720 739/623/735 740/625/736
f 718/600/714 717/597/713 732/624/728 733/626/729
f 726/601/722 725/599/721 740/625/736 741/627/737
f 719/602/715 718/600/714 733/626/729 734/628/730
f 727/603/723 726/601/722 741/627/737 742/612/738
f 720/604/716 719/602/715 734/628/730 735/614/731
f 852/458/848 746/622/742 761/629/757
f 740/625/736 739/623/735 754/630/750 755/631/751
f 733/626/729 732/624/728 747/632/743 748/633/744
f 741/627/737 740/625/736 755/631/751 756/634/752
f 734/628/730 733/626/729 748/633/744 749/635/745
f 742/612/738 741/627/737 756/634/752 757/636/753
f 735/614/731 734/628/730 749/635/745 750/637/746
f 743/613/739 742/612/738 757/636/753 758/638/754
f 736/615/732 735/614/731 750/637/746 751/639/747
f 744/617/740 743/616/739 758/640/754 759/641/755
f 737/619/733 736/618/732 751/642/747 752/643/748
f 745/620/741 744/617/740 759/641/755 760/644/756
f 738/621/734 737/619/733 752/643/748 753/645/749
f 746/622/742 745/620/741 760/644/756 761/629/757
f 739/623/735 738/621/734 753/645/749 754/630/750
f 732/624/728 686/456/682 747/632/743
f 759/641/755 758/640/754 773/646/769 774/647/770
f 752/643/748 751/642/747 766/648/762 767/649/763
f 760/644/756 759/641/755 774/647/770 775/650/771
f 753/645/749 752/643/748 767/649/763 768/651/764
f 761/629/757 760/644/756 775/650/771 776/652/772
f 754/630/750 753/645/749 768/651/764 769/653/765
f 747/632/743 686/456/682 762/654/758
f 852/458/848 761/629/757 776/652/772
f 755/631/751 754/630/750 769/653/765 770/655/766
f 748/633/744 747/632/743 762/654/758 763/656/759
f 756/634/752 755/631/751 770/655/766 771/657/767
f 749/658/745 748/659/744 763/660/759 764/661/760
f 757/636/753 756/634/752 771/657/767 772/662/768
f 750/637/746 749/635/745 764/663/760 765/664/761
f 758/638/754 757/636/753 772/662/768 773/665/769
f 751/639/747 750/637/746 765/664/761 766/666/762
f 763/656/759 762/654/758 777/667/773 778/668/774
f 771/657/767 770/655/766 785/669/781 786/670/782
f 764/663/760 763/656/759 778/668/774 779/671/775
f 772/662/768 771/657/767 786/670/782 787/672/783
f 765/664/761 764/663/760 779/671/775 780/673/776
f 773/646/769 772/674/768 787/675/783 788/676/784
f 766/666/762 765/664/761 780/673/776 781/677/777
f 774/647/770 773/646/769 788/676/784 789/678/785
f 767/649/763 766/648/762 781/679/777 782/680/778
f 775/650/771 774/647/770 789/678/785 790/681/786
f 768/651/764 767/649/763 782/680/778 783/682/779
f 776/652/772 775/650/771 790/681/786 791/683/787
f 769/653/765 768/651/764 783/682/779 784/684/780
f 762/654/758 686/456/682 777/667/773
f 852/458/848 776/652/772 791/683/787
f 770/655/766 769/653/765 784/684/780 785/669/781
f 782/685/778 781/686/777 796/687/792 797/688/793
f 790/681/786 789/678/785 804/689/800 805/690/801
f 783/691/779 782/685/778 797/688/793 798/692/794
f 791/683/787 790/681/786 805/690/801 806/693/802
f 784/694/780 783/691/779 798/692/794 799/695/795
f 777/667/773 686/456/682 792/696/788
f 852/458/848 791/683/787 806/693/802
f 785/697/781 784/694/780 799/695/795 800/698/796
f 778/668/774 777/667/773 792/696/788 793/699/789
f 786/700/782 785/697/781 800/698/796 801/701/797
f 779/671/775 778/668/774 793/699/789 794/702/790
f 787/672/783 786/670/782 801/703/797 802/704/798
f 780/673/776 779/671/775 794/702/790 795/705/791
f 788/676/784 787/675/783 802/706/798 803/707/799
f 781/708/777 780/709/776 795/710/791 796/711/792
f 789/678/785 788/676/784 803/707/799 804/689/800
f 801/701/797 800/698/796 815/712/811 816/713/812
f 794/702/790 793/699/789 808/714/804 809/715/805
f 802/716/798 801/701/797 816/713/812 817/717/813
f 795/705/791 794/702/790 809/715/805 810/718/806
f 803/707/799 802/706/798 817/719/813 818/720/814
f 796/711/792 795/710/791 810/721/806 811/722/807
f 804/689/800 803/707/799 818/720/814 819/723/815
f 797/688/793 796/687/792 811/724/807 812/725/808
f 805/690/801 804/689/800 819/723/815 820/726/816
f 798/692/794 797/688/793 812/725/808 813/727/809
f 806/693/802 805/690/801 820/726/816 821/728/817
f 799/695/795 798/692/794 813/727/809 814/729/810
f 792/730/788 686/731/682 807/732/803
f 852/458/848 806/693/802 821/728/817
f 800/698/796 799/695/795 814/729/810 815/712/811
f 793/699/789 792/696/788 807/733/803 808/714/804
f 820/726/816 819/723/815 834/734/830 835/735/831
f 813/727/809 812/725/808 827/736/823 828/737/824
f 821/728/817 820/726/816 835/735/831 836/738/832
f 814/729/810 813/727/809 828/737/824 829/739/825
f 807/733/803 686/456/682 822/740/818
f 852/458/848 821/728/817 836/738/832
f 815/712/811 814/729/810 829/739/825 830/741/826
f 808/714/804 807/733/803 822/740/818 823/742/819
f 816/713/812 815/712/811 830/741/826 831/743/827
f 809/715/805 808/714/804 823/742/819 824/744/820
f 817/717/813 816/713/812 831/743/827 832/745/828
f 810/718/806 809/715/805 824/744/820 825/746/821
f 818/720/814 817/719/813 832/747/828 833/748/829
f 811/722/807 810/721/806 825/749/821 826/750/822
f 819/723/815 818/720/814 833/748/829 834/734/830
f 812/725/808 811/724/807 826/751/822 827/736/823
f 824/744/820 823/742/819 838/752/834 839/753/835
f 832/745/828 831/743/827 846/754/842 847/755/843
f 825/746/821 824/744/820 839/753/835 840/756/836
f 833/748/829 832/747/828 847/757/843 848/758/844
f 826/750/822 825/749/821 840/759/836 841/760/837
f 834/734/830 833/748/829 848/758/844 849/761/845
f 827/736/823 826/751/822 841/762/837 842/763/838
f 835/735/831 834/734/830 849/761/845 850/764/846
f 828/737/824 827/736/823 842/763/838 843/765/839
f 836/738/832 835/735/831 850/764/846 851/766/847
f 829/739/825 828/737/824 843/765/839 844/767/840
f 822/740/818 686/456/682 837/768/833
f 852/458/848 836/738/832 851/766/847
f 830/741/826 829/739/825 844/767/840 845/769/841
f 823/742/819 822/740/818 837/768/833 838/752/834
f 831/743/827 830/741/826 845/769/841 846/754/842
f 873/770/869 866/771/862 865/772/861 870/773/866
f 870/774/866 865/775/861 863/776/859 871/777/867
f 868/778/864 864/779/860 862/780/858 867/781/863
f 871/782/867 863/783/859 869/784/865 872/785/868
f 865/786/861 866/787/862 869/788/865 863/789/859
f 862/790/858 871/782/867 872/785/868 867/791/863
f 864/792/860 870/774/866 871/777/867 862/793/858
f 868/794/864 873/770/869 870/773/866 864/795/860
f 867/796/863 872/797/868 873/798/869 868/799/864
f 866/800/862 873/798/869 872/797/868 869/801/865
f 861/447/857 888/450/884 887/449/883 860/448/856
f 608/451/604 881/454/877 880/453/876 607/452/603
f 853/455/849 874/457/870 686/456/682
f 852/458/848 888/450/884 861/447/857
f 609/459/605 882/460/878 881/454/877 608/451/604
f 854/461/850 875/462/871 874/457/870 853/455/849
f 857/463/853 883/464/879 882/460/878 609/459/605
f 605/465/601 876/466/872 875/462/871 854/461/850
f 610/467/606 884/468/880 883/464/879 857/463/853
f 855/469/851 877/470/873 876/466/872 605/465/601
f 858/471/854 885/472/881 884/468/880 610/467/606
f 606/473/602 878/474/874 877/470/873 855/469/851
f 859/475/855 886/478/882 885/477/881 858/476/854
f 856/479/852 879/480/875 878/474/874 606/473/602
f 860/448/856 887/449/883 886/478/882 859/475/855
f 607/481/603 880/482/876 879/480/875 856/479/852
f 887/449/883 902/484/898 901/483/897 886/478/882
f 880/482/876 895/486/891 894/485/890 879/480/875
f 888/450/884 903/487/899 902/484/898 887/449/883
f 881/454/877 896/489/892 895/488/891 880/453/876
f 874/457/870 889/490/885 686/456/682
f 852/458/848 903/487/899 888/450/884
f 882/460/878 897/491/893 896/489/892 881/454/877
f 875/462/871 890/492/886 889/490/885 874/457/870
f 883/464/879 898/493/894 897/491/893 882/460/878
f 876/466/872 891/494/887 890/492/886 875/462/871
f 884/468/880 899/495/895 898/493/894 883/464/879
f 877/470/873 892/496/888 891/494/887 876/466/872
f 885/472/881 900/497/896 899/495/895 884/468/880
f 878/474/874 893/498/889 892/496/888 877/470/873
f 886/478/882 901/483/897 900/499/896 885/477/881
f 879/480/875 894/485/890 893/498/889 878/474/874
f 891/494/887 906/501/902 905/500/901 890/492/886
f 899/495/895 914/503/910 913/502/909 898/493/894
f 892/496/888 907/504/903 906/501/902 891/494/887
f 900/497/896 915/505/911 914/503/910 899/495/895
f 893/498/889 908/506/904 907/504/903 892/496/888
f 901/483/897 916/508/912 915/507/911 900/499/896
f 894/485/890 909/509/905 908/506/904 893/498/889
f 902/484/898 917/510/913 916/508/912 901/483/897
f 895/486/891 910/511/906 909/509/905 894/485/890
f 903/487/899 918/512/914 917/510/913 902/484/898
f 896/489/892 911/514/907 910/513/906 895/488/891
f 889/490/885 904/515/900 686/456/682
f 852/458/848 918/512/914 903/487/899
f 897/491/893 912/516/908 911/514/907 896/489/892
f 890/492/886 905/500/901 904/515/900 889/490/885
f 898/493/894 913/502/909 912/516/908 897/491/893
f 910/511/906 925/518/921 924/517/920 909/509/905
f 918/512/914 933/520/929 932/519/928 917/510/913
f 911/521/907 926/524/922 925/523/921 910/522/906
f 904/515/900 919/525/915 686/456/682
f 852/458/848 933/520/929 918/512/914
f 912/516/908 927/527/923 926/526/922 911/514/907
f 905/500/901 920/528/916 919/525/915 904/515/900
f 913/502/909 928/529/924 927/527/923 912/516/908
f 906/501/902 921/530/917 920/528/916 905/500/901
f 914/503/910 929/531/925 928/529/924 913/502/909
f 907/504/903 922/532/918 921/530/917 906/501/902
f 915/505/911 930/533/926 929/531/925 914/503/910
f 908/506/904 923/534/919 922/532/918 907/504/903
f 916/508/912 931/536/927 930/535/926 915/507/911
f 909/509/905 924/517/920 923/534/919 908/506/904
f 917/510/913 932/519/928 931/536/927 916/508/912
f 929/537/925 944/540/940 943/539/939 928/538/924
f 922/532/918 937/542/933 936/541/932 921/530/917
f 930/535/926 945/545/941 944/544/940 929/543/925
f 923/534/919 938/546/934 937/542/933 922/532/918
f 931/536/927 946/547/942 945/545/941 930/535/926
f 924/517/920 939/548/935 938/546/934 923/534/919
f 932/519/928 947/549/943 946/547/942 931/536/927
f 925/523/921 940/552/936 939/551/935 924/550/920
f 933/520/929 948/553/944 947/549/943 932/519/928
f 926/524/922 941/554/937 940/552/936 925/523/921
f 919/525/915 934/555/930 686/456/682
f 852/458/848 948/553/944 933/520/929
f 927/556/923 942/557/938 941/554/937 926/524/922
f 920/528/916 935/558/931 934/555/930 919/525/915
f 928/538/924 943/539/939 942/557/938 927/556/923
f 921/530/917 936/541/932 935/558/931 920/528/916
f 948/553/944 963/560/959 962/559/958 947/549/943
f 941/554/937 956/562/952 955/561/951 940/552/936
f 934/555/930 949/563/945 686/456/682
f 852/458/848 963/560/959 948/553/944
f 942/557/938 957/564/953 956/562/952 941/554/937
f 935/558/931 950/565/946 949/563/945 934/555/930
f 943/539/939 958/566/954 957/564/953 942/557/938
f 936/541/932 951/567/947 950/565/946 935/558/931
f 944/540/940 959/568/955 958/566/954 943/539/939
f 937/542/933 952/569/948 951/567/947 936/541/932
f 945/570/941 960/571/956 959/568/955 944/540/940
f 938/546/934 953/572/949 952/569/948 937/542/933
f 946/547/942 961/574/957 960/573/956 945/545/941
f 939/548/935 954/575/950 953/572/949 938/546/934
f 947/549/943 962/559/958 961/574/957 946/547/942
f 940/552/936 955/561/951 954/576/950 939/551/935
f 952/569/948 967/578/963 966/577/962 951/567/947
f 960/571/956 975/580/971 974/579/970 959/568/955
f 953/572/949 968/581/964 967/578/963 952/569/948
f 961/574/957 976/583/972 975/582/971 960/573/956
f 954/576/950 969/586/965 968/585/964 953/584/949
f 962/559/958 977/587/973 976/583/972 961/574/957
f 955/561/951 970/588/966 969/586/965 954/576/950
f 963/560/959 978/589/974 977/587/973 962/559/958
f 956/562/952 971/590/967 970/588/966 955/561/951
f 949/563/945 964/591/960 686/456/682
f 852/458/848 978/589/974 963/560/959
f 957/564/953 972/592/968 971/590/967 956/562/952
f 950/565/946 965/593/961 964/591/960 949/563/945
f 958/566/954 973/594/969 972/592/968 957/564/953
f 951/567/947 966/577/962 965/593/961 950/565/946
f 959/568/955 974/579/970 973/594/969 958/566/954
f 971/590/967 986/596/982 985/595/981 970/588/966
f 964/591/960 979/597/975 686/456/682
f 852/458/848 993/598/989 978/589/974
f 972/592/968 987/599/983 986/596/982 971/590/967
f 965/593/961 980/600/976 979/597/975 964/591/960
f 973/594/969 988/601/984 987/599/983 972/592/968
f 966/577/962 981/602/977 980/600/976 965/593/961
f 974/579/970 989/603/985 988/601/984 973/594/969
f 967/578/963 982/604/978 981/602/977 966/577/962
f 975/580/971 990/605/986 989/603/985 974/579/970
f 968/581/964 983/606/979 982/604/978 967/578/963
f 976/583/972 991/608/987 990/607/986 975/582/971
f 969/586/965 984/610/980 983/609/979 968/585/964
f 977/587/973 992/611/988 991/608/987 976/583/972
f 970/588/966 985/595/981 984/610/980 969/586/965
f 978/589/974 993/598/989 992/611/988 977/587/973
f 990/605/986 1005/613/1001 1004/612/1000 989/603/985
f 983/606/979 998/615/994 997/614/993 982/604/978
f 991/608/987 1006/617/1002 1005/616/1001 990/607/986
f 984/610/980 999/619/995 998/618/994 983/609/979
f 992/611/988 1007/620/1003 1006/617/1002 991/608/987
f 985/595/981 1000/621/996 999/619/995 984/610/980
f 993/598/989 1008/622/1004 1007/620/1003 992/611/988
f 986/596/982 1001/623/997 1000/621/996 985/595/981
f 979/597/975 994/624/990 686/456/682
f 852/458/848 1008/622/1004 993/598/989
f 987/599/983 1002/625/998 1001/623/997 986/596/982
f 980/600/976 995/626/991 994/624/990 979/597/975
f 988/601/984 1003/627/999 1002/625/998 987/599/983
f 981/602/977 996/628/992 995/626/991 980/600/976
f 989/603/985 1004/612/1000 1003/627/999 988/601/984
f 982/604/978 997/614/993 996/628/992 981/602/977
f 852/458/848 1023/629/1019 1008/622/1004
f 1002/625/998 1017/631/1013 1016/630/1012 1001/623/997
f 995/626/991 1010/633/1006 1009/632/1005 994/624/990
f 1003/627/999 1018/634/1014 1017/631/1013 1002/625/998
f 996/628/992 1011/635/1007 1010/633/1006 995/626/991
f 1004/612/1000 1019/636/1015 1018/634/1014 1003/627/999
f 997/614/993 1012/637/1008 1011/635/1007 996/628/992
f 1005/613/1001 1020/638/1016 1019/636/1015 1004/612/1000
f 998/615/994 1013/639/1009 1012/637/1008 997/614/993
f 1006/617/1002 1021/641/1017 1020/640/1016 1005/616/1001
f 999/619/995 1014/643/1010 1013/642/1009 998/618/994
f 1007/620/1003 1022/644/1018 1021/641/1017 1006/617/1002
f 1000/621/996 1015/645/1011 1014/643/1010 999/619/995
f 1008/622/1004 1023/629/1019 1022/644/1018 1007/620/1003
f 1001/623/997 1016/630/1012 1015/645/1011 1000/621/996
f 994/624/990 1009/632/1005 686/456/682
f 1021/641/1017 1036/647/1032 1035/646/1031 1020/640/1016
f 1014/643/1010 1029/649/1025 1028/648/1024 1013/642/1009
f 1022/644/1018 1037/650/1033 1036/647/1032 1021/641/1017
f 1015/645/1011 1030/651/1026 1029/649/1025 1014/643/1010
f 1023/629/1019 1038/652/1034 1037/650/1033 1022/644/1018
f 1016/630/1012 1031/653/1027 1030/651/1026 1015/645/1011
f 1009/632/1005 1024/654/1020 686/456/682
f 852/458/848 1038/652/1034 1023/629/1019
f 1017/631/1013 1032/655/1028 1031/653/1027 1016/630/1012
f 1010/633/1006 1025/656/1021 1024/654/1020 1009/632/1005
f 1018/634/1014 1033/657/1029 1032/655/1028 1017/631/1013
f 1011/658/1007 1026/661/1022 1025/660/1021 1010/659/1006
f 1019/636/1015 1034/662/1030 1033/657/1029 1018/634/1014
f 1012/637/1008 1027/664/1023 1026/663/1022 1011/635/1007
f 1020/638/1016 1035/665/1031 1034/662/1030 1019/636/1015
f 1013/639/1009 1028/666/1024 1027/664/1023 1012/637/1008
f 1025/656/1021 1040/668/1036 1039/667/1035 1024/654/1020
f 1033/657/1029 1048/670/1044 1047/669/1043 1032/655/1028
f 1026/663/1022 1041/671/1037 1040/668/1036 1025/656/1021
f 1034/662/1030 1049/672/1045 1048/670/1044 1033/657/1029
f 1027/664/1023 1042/673/1038 1041/671/1037 1026/663/1022
f 1035/646/1031 1050/676/1046 1049/675/1045 1034/674/1030
f 1028/666/1024 1043/677/1039 1042/673/1038 1027/664/1023
f 1036/647/1032 1051/678/1047 1050/676/1046 1035/646/1031
f 1029/649/1025 1044/680/1040 1043/679/1039 1028/648/1024
f 1037/650/1033 1052/681/1048 1051/678/1047 1036/647/1032
f 1030/651/1026 1045/682/1041 1044/680/1040 1029/649/1025
f 1038/652/1034 1053/683/1049 1052/681/1048 1037/650/1033
f 1031/653/1027 1046/684/1042 1045/682/1041 1030/651/1026
f 1024/654/1020 1039/667/1035 686/456/682
f 852/458/848 1053/683/1049 1038/652/1034
f 1032/655/1028 1047/669/1043 1046/684/1042 1031/653/1027
f 1044/685/1040 1059/688/1055 1058/687/1054 1043/686/1039
f 1052/681/1048 1067/690/1063 1066/689/1062 1051/678/1047
f 1045/691/1041 1060/692/1056 1059/688/1055 1044/685/1040
f 1053/683/1049 1068/693/1064 1067/690/1063 1052/681/1048
f 1046/694/1042 1061/695/1057 1060/692/1056 1045/691/1041
f 1039/667/1035 1054/696/1050 686/456/682
f 852/458/848 1068/693/1064 1053/683/1049
f 1047/697/1043 1062/698/1058 1061/695/1057 1046/694/1042
f 1040/668/1036 1055/699/1051 1054/696/1050 1039/667/1035
f 1048/700/1044 1063/701/1059 1062/698/1058 1047/697/1043
f 1041/671/1037 1056/702/1052 1055/699/1051 1040/668/1036
f 1049/672/1045 1064/704/1060 1063/703/1059 1048/670/1044
f 1042/673/1038 1057/705/1053 1056/702/1052 1041/671/1037
f 1050/676/1046 1065/707/1061 1064/706/1060 1049/675/1045
f 1043/708/1039 1058/711/1054 1057/710/1053 1042/709/1038
f 1051/678/1047 1066/689/1062 1065/707/1061 1050/676/1046
f 1063/701/1059 1078/713/1074 1077/712/1073 1062/698/1058
f 1056/702/1052 1071/715/1067 1070/714/1066 1055/699/1051
f 1064/716/1060 1079/717/1075 1078/713/1074 1063/701/1059
f 1057/705/1053 1072/718/1068 1071/715/1067 1056/702/1052
f 1065/707/1061 1080/720/1076 1079/719/1075 1064/706/1060
f 1058/711/1054 1073/722/1069 1072/721/1068 1057/710/1053
f 1066/689/1062 1081/723/1077 1080/720/1076 1065/707/1061
f 1059/688/1055 1074/725/1070 1073/724/1069 1058/687/1054
f 1067/690/1063 1082/726/1078 1081/723/1077 1066/689/1062
f 1060/692/1056 1075/727/1071 1074/725/1070 1059/688/1055
f 1068/693/1064 1083/728/1079 1082/726/1078 1067/690/1063
f 1061/695/1057 1076/729/1072 1075/727/1071 1060/692/1056
f 1054/730/1050 1069/732/1065 686/731/682
f 852/458/848 1083/728/1079 1068/693/1064
f 1062/698/1058 1077/712/1073 1076/729/1072 1061/695/1057
f 1055/699/1051 1070/714/1066 1069/733/1065 1054/696/1050
f 1082/726/1078 1097/735/1093 1096/734/1092 1081/723/1077
f 1075/727/1071 1090/737/1086 1089/736/1085 1074/725/1070
f 1083/728/1079 1098/738/1094 1097/735/1093 1082/726/1078
f 1076/729/1072 1091/739/1087 1090/737/1086 1075/727/1071
f 1069/733/1065 1084/740/1080 686/456/682
f 852/458/848 1098/738/1094 1083/728/1079
f 1077/712/1073 1092/741/1088 1091/739/1087 1076/729/1072
f 1070/714/1066 1085/742/1081 1084/740/1080 1069/733/1065
f 1078/713/1074 1093/743/1089 1092/741/1088 1077/712/1073
f 1071/715/1067 1086/744/1082 1085/742/1081 1070/714/1066
f 1079/717/1075 1094/745/1090 1093/743/1089 1078/713/1074
f 1072/718/1068 1087/746/1083 1086/744/1082 1071/715/1067
f 1080/720/1076 1095/748/1091 1094/747/1090 1079/719/1075
f 1073/722/1069 1088/750/1084 1087/749/1083 1072/721/1068
f 1081/723/1077 1096/734/1092 1095/748/1091 1080/720/1076
f 1074/725/1070 1089/736/1085 1088/751/1084 1073/724/1069
f 1086/744/1082 839/753/835 838/752/834 1085/742/1081
f 1094/745/1090 847/755/843 846/754/842 1093/743/1089
f 1087/746/1083 840/756/836 839/753/835 1086/744/1082
f 1095/748/1091 848/758/844 847/757/843 1094/747/1090
f 1088/750/1084 841/760/837 840/759/836 1087/749/1083
f 1096/734/1092 849/761/845 848/758/844 1095/748/1091
f 1089/736/1085 842/763/838 841/762/837 1088/751/1084
f 1097/735/1093 850/764/846 849/761/845 1096/734/1092
f 1090/737/1086 843/765/839 842/763/838 1089/736/1085
f 1098/738/1094 851/766/847 850/764/846 1097/735/1093
f 1091/739/1087 844/767/840 843/765/839 1090/737/1086
f 1084/740/1080 837/768/833 686/456/682
f 852/458/848 851/766/847 1098/738/1094
f 1092/741/1088 845/769/841 844/767/840 1091/739/1087
f 1085/742/1081 838/752/834 837/768/833 1084/740/1080
f 1093/743/1089 846/754/842 845/769/841 1092/741/1088
f 1110/770/1106 1107/773/1103 1102/772/1098 1103/771/1099
f 1107/774/1103 1108/777/1104 1100/776/1096 1102/775/1098
f 1105/778/1101 1104/781/1100 1099/780/1095 1101/779/1097
f 1108/782/1104 1109/785/1105 1106/784/1102 1100/783/1096
f 1102/786/1098 1100/789/1096 1106/788/1102 1103/787/1099
f 1099/790/1095 1104/791/1100 1109/785/1105 1108/782/1104
f 1101/792/1097 1099/793/1095 1108/777/1104 1107/774/1103
f 1105/794/1101 1101/795/1097 1107/773/1103 1110/770/1106
f 1104/796/1100 1105/799/1101 1110/798/1106 1109/797/1105
f 1103/800/1099 1106/801/1102 1109/797/1105 1110/798/1106
o Sphere
v 0.241845 1.533048 1.495742
v 0.241845 1.512975 1.475669
v 0.241845 1.486748 1.464805
v 0.241845 1.472554 1.463408
v 0.241845 1.458361 1.464805
v 0.241845 1.432134 1.475669
v 0.244614 1.543911 1.522241
v 0.247277 1.539771 1.508855
v 0.249731 1.533048 1.496518
v 0.251882 1.524000 1.485705
v 0.253647 1.512975 1.476831
v 0.254958 1.500396 1.470237
v 0.255766 1.486748 1.466177
v 0.256039 1.472554 1.464805
v 0.255766 1.458361 1.466177
v 0.254958 1.444713 1.470237
v 0.253647 1.432134 1.476831
v 0.251882 1.421109 1.485705
v 0.249731 1.412061 1.496518
v 0.247277 1.405338 1.508855
v 0.244614 1.401198 1.522241
v 0.247277 1.543911 1.523049
v 0.252500 1.539771 1.510439
v 0.257313 1.533048 1.498819
v 0.261532 1.524000 1.488633
v 0.264995 1.512975 1.480274
v 0.267568 1.500396 1.474062
v 0.269152 1.486748 1.470237
v 0.269687 1.472554 1.468946
v 0.269152 1.458361 1.470237
v 0.267568 1.444713 1.474062
v 0.264995 1.432134 1.480274
v 0.261532 1.421109 1.488633
v 0.257313 1.412061 1.498819
v 0.252500 1.405338 1.510439
v 0.247277 1.401198 1.523049
v 0.249731 1.543911 1.524360
v 0.257313 1.539771 1.513012
v 0.264301 1.533048 1.502554
v 0.270427 1.524000 1.493387
v 0.275453 1.512975 1.485864
v 0.279189 1.500396 1.480274
v 0.281489 1.486748 1.476831
v 0.282265 1.472554 1.475669
v 0.281489 1.458361 1.476831
v 0.279189 1.444713 1.480274
v 0.275453 1.432134 1.485864
v 0.270427 1.421109 1.493387
v 0.264301 1.412061 1.502554
v 0.257313 1.405338 1.513012
v 0.249731 1.401198 1.524360
v 0.251882 1.543911 1.526125
v 0.261532 1.539771 1.516475
v 0.270427 1.533048 1.507581
v 0.278222 1.524000 1.499785
v 0.284620 1.512975 1.493387
v 0.289374 1.500396 1.488633
v 0.292302 1.486748 1.485705
v 0.293290 1.472554 1.484717
v 0.292302 1.458361 1.485705
v 0.289374 1.444713 1.488633
v 0.284620 1.432134 1.493387
v 0.278222 1.421109 1.499785
v 0.270427 1.412061 1.507581
v 0.261532 1.405338 1.516475
v 0.251882 1.401198 1.526125
v 0.253647 1.543911 1.528276
v 0.264995 1.539771 1.520694
v 0.275453 1.533048 1.513706
v 0.284620 1.524000 1.507581
v 0.292143 1.512975 1.502554
v 0.297733 1.500396 1.498819
v 0.301176 1.486748 1.496518
v 0.302338 1.472554 1.495742
v 0.301176 1.458361 1.496518
v 0.297733 1.444713 1.498819
v 0.292143 1.432134 1.502554
v 0.284620 1.421109 1.507581
v 0.275453 1.412061 1.513706
v 0.264995 1.405338 1.520694
v 0.253647 1.401198 1.528276
v 0.241845 1.545309 1.536162
v 0.254958 1.543911 1.530730
v 0.267568 1.539771 1.525507
v 0.279189 1.533048 1.520694
v 0.289374 1.524000 1.516475
v 0.297733 1.512975 1.513012
v 0.303945 1.500396 1.510439
v 0.307770 1.486748 1.508855
v 0.309061 1.472554 1.508320
v 0.307770 1.458361 1.508855
v 0.303945 1.444713 1.510439
v 0.297733 1.432134 1.513012
v 0.289374 1.421109 1.516475
v 0.279189 1.412061 1.520694
v 0.267568 1.405338 1.525507
v 0.254958 1.401198 1.530730
v 0.255766 1.543911 1.533393
v 0.269152 1.539771 1.530730
v 0.281489 1.533048 1.528276
v 0.292302 1.524000 1.526125
v 0.301176 1.512975 1.524360
v 0.307770 1.500396 1.523049
v 0.311830 1.486748 1.522241
v 0.313202 1.472554 1.521968
v 0.311830 1.458361 1.522241
v 0.307770 1.444713 1.523049
v 0.301176 1.432134 1.524360
v 0.292302 1.421109 1.526125
v 0.281489 1.412061 1.528276
v 0.269152 1.405338 1.530730
v 0.255766 1.401198 1.533393
v 0.256039 1.543911 1.536162
v 0.269687 1.539771 1.536162
v 0.282265 1.533048 1.536162
v 0.293290 1.524000 1.536162
v 0.302338 1.512975 1.536162
v 0.309061 1.500396 1.536162
v 0.313202 1.486748 1.536162
v 0.314599 1.472554 1.536162
v 0.313202 1.458361 1.536162
v 0.309061 1.444713 1.536162
v 0.302338 1.432134 1.536162
v 0.293290 1.421109 1.536162
v 0.282265 1.412061 1.536162
v 0.269687 1.405338 1.536162
v 0.256039 1.401198 1.536162
v 0.255766 1.543911 1.538931
v 0.269152 1.539771 1.541594
v 0.281489 1.533048 1.544047
v 0.292302 1.524000 1.546198
v 0.301176 1.512975 1.547964
v 0.307770 1.500396 1.549275
v 0.311830 1.486748 1.550083
v 0.313202 1.472554 1.550356
v 0.311830 1.458361 1.550083
v 0.307770 1.444713 1.549275
v 0.301176 1.432134 1.547964
v 0.292302 1.421109 1.546198
v 0.281489 1.412061 1.544047
v 0.269152 1.405338 1.541594
v 0.255766 1.401198 1.538931
v 0.254958 1.543911 1.541594
v 0.267568 1.539771 1.546817
v 0.279189 1.533048 1.551630
v 0.289374 1.524000 1.555849
v 0.297733 1.512975 1.559312
v 0.303945 1.500396 1.561884
v 0.307770 1.486748 1.563469
v 0.309061 1.472554 1.564004
v 0.307770 1.458361 1.563469
v 0.303945 1.444713 1.561884
v 0.297733 1.432134 1.559312
v 0.289374 1.421109 1.555849
v 0.279189 1.412061 1.551630
v 0.267568 1.405338 1.546817
v 0.254958 1.401198 1.541594
v 0.253647 1.543911 1.544047
v 0.264995 1.539771 1.551630
v 0.275453 1.533048 1.558618
v 0.284620 1.524000 1.564743
v 0.292143 1.512975 1.569770
v 0.297733 1.500396 1.573505
v 0.301176 1.486748 1.575805
v 0.302338 1.472554 1.576582
v 0.301176 1.458361 1.575805
v 0.297733 1.444713 1.573505
v 0.292143 1.432134 1.569770
v 0.284620 1.421109 1.564743
v 0.275453 1.412061 1.558618
v 0.264995 1.405338 1.551630
v 0.253647 1.401198 1.544047
v 0.251882 1.543911 1.546198
v 0.261532 1.539771 1.555849
v 0.270426 1.533048 1.564743
v 0.278222 1.524000 1.572539
v 0.284620 1.512975 1.578937
v 0.289374 1.500396 1.583691
v 0.292302 1.486748 1.586619
v 0.293290 1.472554 1.587607
v 0.292302 1.458361 1.586619
v 0.289374 1.444713 1.583691
v 0.284620 1.432134 1.578937
v 0.278222 1.421109 1.572539
v 0.270426 1.412061 1.564743
v 0.261532 1.405338 1.555849
v 0.251882 1.401198 1.546198
v 0.249731 1.543911 1.547964
v 0.257313 1.539771 1.559312
v 0.264301 1.533048 1.569770
v 0.270427 1.524000 1.578937
v 0.275453 1.512975 1.586460
v 0.279189 1.500396 1.592050
v 0.281489 1.486748 1.595493
v 0.282265 1.472554 1.596655
v 0.281489 1.458361 1.595493
v 0.279189 1.444713 1.592050
v 0.275453 1.432134 1.586460
v 0.270427 1.421109 1.578937
v 0.264301 1.412061 1.569770
v 0.257313 1.405338 1.559312
v 0.249731 1.401198 1.547964
v 0.247277 1.543911 1.549275
v 0.252500 1.539771 1.561884
v 0.257313 1.533048 1.573505
v 0.261532 1.524000 1.583691
v 0.264995 1.512975 1.592050
v 0.267568 1.500396 1.598261
v 0.269152 1.486748 1.602086
v 0.269687 1.472554 1.603378
v 0.269152 1.458361 1.602086
v 0.267568 1.444713 1.598261
v 0.264995 1.432134 1.592050
v 0.261532 1.421109 1.583691
v 0.257313 1.412061 1.573505
v 0.252500 1.405338 1.561884
v 0.247277 1.401198 1.549275
v 0.244614 1.543911 1.550083
v 0.247277 1.539771 1.563469
v 0.249731 1.533048 1.575805
v 0.251882 1.524000 1.586619
v 0.253647 1.512975 1.595493
v 0.254958 1.500396 1.602086
v 0.255766 1.486748 1.606147
v 0.256039 1.472554 1.607518
v 0.255766 1.458361 1.606147
v 0.254958 1.444713 1.602086
v 0.253647 1.432134 1.595493
v 0.251882 1.421109 1.586619
v 0.249731 1.412061 1.575805
v 0.247277 1.405338 1.563469
v 0.244614 1.401198 1.550083
v 0.241845 1.543911 1.550356
v 0.241845 1.539771 1.564004
v 0.241845 1.533048 1.576582
v 0.241845 1.524000 1.587607
v 0.241845 1.512975 1.596655
v 0.241845 1.500396 1.603378
v 0.241845 1.486748 1.607518
v 0.241845 1.472554 1.608916
v 0.241845 1.458361 1.607518
v 0.241845 1.444713 1.603378
v 0.241845 1.432134 1.596655
v 0.241845 1.421109 1.587607
v 0.241845 1.412061 1.576582
v 0.241845 1.405338 1.564004
v 0.241845 1.401198 1.550356
v 0.239076 1.543911 1.550083
v 0.236413 1.539771 1.563469
v 0.233960 1.533048 1.575805
v 0.231809 1.524000 1.586619
v 0.230044 1.512975 1.595493
v 0.228732 1.500396 1.602086
v 0.227924 1.486748 1.606147
v 0.227651 1.472554 1.607518
v 0.227924 1.458361 1.606147
v 0.228732 1.444713 1.602086
v 0.230044 1.432134 1.595493
v 0.231809 1.421109 1.586619
v 0.233960 1.412061 1.575805
v 0.236413 1.405338 1.563469
v 0.239076 1.401198 1.550083
v 0.236413 1.543911 1.549275
v 0.231190 1.539771 1.561884
v 0.226377 1.533048 1.573505
v 0.222158 1.524000 1.583691
v 0.218695 1.512975 1.592050
v 0.216123 1.500396 1.598261
v 0.214538 1.486748 1.602086
v 0.214003 1.472554 1.603378
v 0.214538 1.458361 1.602086
v 0.216123 1.444713 1.598261
v 0.218695 1.432134 1.592050
v 0.222158 1.421109 1.583691
v 0.226377 1.412061 1.573505
v 0.231190 1.405338 1.561884
v 0.236413 1.401198 1.549275
v 0.233960 1.543911 1.547964
v 0.226377 1.539771 1.559312
v 0.219389 1.533048 1.569770
v 0.213264 1.524000 1.578937
v 0.208237 1.512975 1.586460
v 0.204502 1.500396 1.592050
v 0.202202 1.486748 1.595493
v 0.201425 1.472554 1.596655
v 0.202202 1.458361 1.595493
v 0.204502 1.444713 1.592050
v 0.208237 1.432134 1.586460
v 0.213264 1.421109 1.578937
v 0.219389 1.412061 1.569770
v 0.226377 1.405338 1.559312
v 0.233960 1.401198 1.547964
v 0.231809 1.543911 1.546198
v 0.222158 1.539771 1.555849
v 0.213264 1.533048 1.564743
v 0.205468 1.524000 1.572539
v 0.199070 1.512975 1.578937
v 0.194316 1.500396 1.583691
v 0.191389 1.486748 1.586619
v 0.190400 1.472554 1.587607
v 0.191389 1.458361 1.586619
v 0.194316 1.444713 1.583691
v 0.199070 1.432134 1.578937
v 0.205468 1.421109 1.572539
v 0.213264 1.412061 1.564743
v 0.222158 1.405338 1.555849
v 0.231809 1.401198 1.546198
v 0.241845 1.399800 1.536162
v 0.230044 1.543911 1.544047
v 0.218695 1.539771 1.551630
v 0.208237 1.533048 1.558618
v 0.199070 1.524000 1.564743
v 0.191547 1.512975 1.569770
v 0.185957 1.500396 1.573505
v 0.182514 1.486748 1.575805
v 0.181352 1.472554 1.576582
v 0.182514 1.458361 1.575805
v 0.185957 1.444713 1.573505
v 0.191547 1.432134 1.569770
v 0.199070 1.421109 1.564743
v 0.208237 1.412061 1.558618
v 0.218695 1.405338 1.551630
v 0.230044 1.401198 1.544047
v 0.228732 1.543911 1.541594
v 0.216123 1.539771 1.546817
v 0.204502 1.533048 1.551630
v 0.194316 1.524000 1.555849
v 0.185957 1.512975 1.559312
v 0.179745 1.500396 1.561884
v 0.175920 1.486748 1.563469
v 0.174629 1.472554 1.564004
v 0.175920 1.458361 1.563469
v 0.179745 1.444713 1.561884
v 0.185957 1.432134 1.559312
v 0.194316 1.421109 1.555849
v 0.204502 1.412061 1.551630
v 0.216123 1.405338 1.546817
v 0.228732 1.401198 1.541594
v 0.227924 1.543911 1.538931
v 0.214538 1.539771 1.541594
v 0.202202 1.533048 1.544047
v 0.191389 1.524000 1.546198
v 0.182515 1.512975 1.547964
v 0.175920 1.500396 1.549275
v 0.171860 1.486748 1.550083
v 0.170489 1.472554 1.550356
v 0.171860 1.458361 1.550083
v 0.175920 1.444713 1.549275
v 0.182515 1.432134 1.547964
v 0.191389 1.421109 1.546198
v 0.202202 1.412061 1.544047
v 0.214538 1.405338 1.541594
v 0.227924 1.401198 1.538931
v 0.227651 1.543911 1.536162
v 0.214003 1.539771 1.536162
v 0.201425 1.533048 1.536162
v 0.190400 1.524000 1.536162
v 0.181352 1.512975 1.536162
v 0.174629 1.500396 1.536162
v 0.170489 1.486748 1.536162
v 0.169091 1.472554 1.536162
v 0.170489 1.458361 1.536162
v 0.174629 1.444713 1.536162
v 0.181352 1.432134 1.536162
v 0.190400 1.421109 1.536162
v 0.201425 1.412061 1.536162
v 0.214003 1.405338 1.536162
v 0.227651 1.401198 1.536162
v 0.227924 1.543911 1.533393
v 0.214538 1.539771 1.530730
v 0.202202 1.533048 1.528276
v 0.191389 1.524000 1.526125
v 0.182515 1.512975 1.524360
v 0.175920 1.500396 1.523049
v 0.171860 1.486748 1.522241
v 0.170489 1.472554 1.521968
v 0.171860 1.458361 1.522241
v 0.175920 1.444713 1.523049
v 0.182515 1.432134 1.524360
v 0.191389 1.421109 1.526125
v 0.202202 1.412061 1.528276
v 0.214538 1.405338 1.530730
v 0.227924 1.401198 1.533393
v 0.228732 1.543911 1.530730
v 0.216123 1.539771 1.525507
v 0.204502 1.533048 1.520694
v 0.194316 1.524000 1.516475
v 0.185957 1.512975 1.513012
v 0.179745 1.500396 1.510439
v 0.175920 1.486748 1.508855
v 0.174629 1.472554 1.508320
v 0.175920 1.458361 1.508855
v 0.179745 1.444713 1.510439
v 0.185957 1.432134 1.513012
v 0.194316 1.421109 1.516475
v 0.204502 1.412061 1.520694
v 0.216123 1.405338 1.525507
v 0.228732 1.401198 1.530730
v 0.230044 1.543911 1.528276
v 0.218695 1.539771 1.520694
v 0.208237 1.533048 1.513706
v 0.199070 1.524000 1.507581
v 0.191547 1.512975 1.502554
v 0.185957 1.500396 1.498819
v 0.182515 1.486748 1.496518
v 0.181352 1.472554 1.495742
v 0.182515 1.458361 1.496518
v 0.185957 1.444713 1.498819
v 0.191547 1.432134 1.502554
v 0.199070 1.421109 1.507581
v 0.208237 1.412061 1.513706
v 0.218695 1.405338 1.520694
v 0.230044 1.401198 1.528276
v 0.231809 1.543911 1.526125
v 0.222158 1.539771 1.516475
v 0.213264 1.533048 1.507581
v 0.205468 1.524000 1.499785
v 0.199070 1.512975 1.493387
v 0.194316 1.500396 1.488633
v 0.191389 1.486748 1.485705
v 0.190400 1.472554 1.484717
v 0.191389 1.458361 1.485705
v 0.194316 1.444713 1.488633
v 0.199070 1.432134 1.493387
v 0.205468 1.421109 1.499785
v 0.213264 1.412061 1.507581
v 0.222158 1.405338 1.516475
v 0.231809 1.401198 1.526125
v 0.233960 1.543911 1.524360
v 0.226377 1.539771 1.513012
v 0.219389 1.533048 1.502554
v 0.213264 1.524000 1.493387
v 0.208237 1.512975 1.485864
v 0.204502 1.500396 1.480274
v 0.202202 1.486748 1.476831
v 0.201425 1.472554 1.475669
v 0.202202 1.458361 1.476831
v 0.204502 1.444713 1.480274
v 0.208237 1.432134 1.485864
v 0.213264 1.421109 1.493387
v 0.219389 1.412061 1.502554
v 0.226377 1.405338 1.513012
v 0.233960 1.401198 1.524360
v 0.236413 1.543911 1.523049
v 0.231191 1.539771 1.510439
v 0.226377 1.533048 1.498819
v 0.222158 1.524000 1.488633
v 0.218695 1.512975 1.480274
v 0.216123 1.500396 1.474062
v 0.214538 1.486748 1.470237
v 0.214003 1.472554 1.468946
v 0.214538 1.458361 1.470237
v 0.216123 1.444713 1.474062
v 0.218695 1.432134 1.480274
v 0.222158 1.421109 1.488633
v 0.226377 1.412061 1.498819
v 0.231191 1.405338 1.510439
v 0.236413 1.401198 1.523049
v 0.239076 1.543911 1.522241
v 0.236413 1.539771 1.508855
v 0.233960 1.533048 1.496518
v 0.231809 1.524000 1.485705
v 0.230044 1.512975 1.476831
v 0.228732 1.500396 1.470237
v 0.227924 1.486748 1.466177
v 0.227652 1.472554 1.464806
v 0.227924 1.458361 1.466177
v 0.228732 1.444713 1.470237
v 0.230044 1.432134 1.476831
v 0.231809 1.421109 1.485705
v 0.233960 1.412061 1.496518
v 0.236413 1.405338 1.508855
v 0.239076 1.401198 1.522241
v 0.241845 1.543911 1.521968
v 0.241845 1.539771 1.508320
v 0.241845 1.524000 1.484717
v 0.241845 1.500396 1.468946
v 0.241845 1.444713 1.468946
v 0.241845 1.421109 1.484717
v 0.241845 1.412061 1.495742
v 0.241845 1.405338 1.508320
v 0.241845 1.401198 1.521968
v -0.241845 1.533048 1.495742
v -0.241845 1.512975 1.475669
v -0.241845 1.486748 1.464805
v -0.241845 1.472554 1.463408
v -0.241845 1.458361 1.464805
v -0.241845 1.432134 1.475669
v -0.244614 1.543911 1.522241
v -0.247277 1.539771 1.508855
v -0.249731 1.533048 1.496518
v -0.251882 1.524000 1.485705
v -0.253647 1.512975 1.476831
v -0.254958 1.500396 1.470237
v -0.255766 1.486748 1.466177
v -0.256039 1.472554 1.464805
v -0.255766 1.458361 1.466177
v -0.254958 1.444713 1.470237
v -0.253647 1.432134 1.476831
v -0.251882 1.421109 1.485705
v -0.249731 1.412061 1.496518
v -0.247277 1.405338 1.508855
v -0.244614 1.401198 1.522241
v -0.247277 1.543911 1.523049
v -0.252500 1.539771 1.510439
v -0.257313 1.533048 1.498819
v -0.261532 1.524000 1.488633
v -0.264995 1.512975 1.480274
v -0.267568 1.500396 1.474062
v -0.269152 1.486748 1.470237
v -0.269687 1.472554 1.468946
v -0.269152 1.458361 1.470237
v -0.267568 1.444713 1.474062
v -0.264995 1.432134 1.480274
v -0.261532 1.421109 1.488633
v -0.257313 1.412061 1.498819
v -0.252500 1.405338 1.510439
v -0.247277 1.401198 1.523049
v -0.249731 1.543911 1.524360
v -0.257313 1.539771 1.513012
v -0.264301 1.533048 1.502554
v -0.270427 1.524000 1.493387
v -0.275453 1.512975 1.485864
v -0.279189 1.500396 1.480274
v -0.281489 1.486748 1.476831
v -0.282265 1.472554 1.475669
v -0.281489 1.458361 1.476831
v -0.279189 1.444713 1.480274
v -0.275453 1.432134 1.485864
v -0.270427 1.421109 1.493387
v -0.264301 1.412061 1.502554
v -0.257313 1.405338 1.513012
v -0.249731 1.401198 1.524360
v -0.251882 1.543911 1.526125
v -0.261532 1.539771 1.516475
v -0.270427 1.533048 1.507581
v -0.278222 1.524000 1.499785
v -0.284620 1.512975 1.493387
v -0.289374 1.500396 1.488633
v -0.292302 1.486748 1.485705
v -0.293290 1.472554 1.484717
v -0.292302 1.458361 1.485705
v -0.289374 1.444713 1.488633
v -0.284620 1.432134 1.493387
v -0.278222 1.421109 1.499785
v -0.270427 1.412061 1.507581
v -0.261532 1.405338 1.516475
v -0.251882 1.401198 1.526125
v -0.253647 1.543911 1.528276
v -0.264995 1.539771 1.520694
v -0.275453 1.533048 1.513706
v -0.284620 1.524000 1.507581
v -0.292143 1.512975 1.502554
v -0.297733 1.500396 1.498819
v -0.301176 1.486748 1.496518
v -0.302338 1.472554 1.495742
v -0.301176 1.458361 1.496518
v -0.297733 1.444713 1.498819
v -0.292143 1.432134 1.502554
v -0.284620 1.421109 1.507581
v -0.275453 1.412061 1.513706
v -0.264995 1.405338 1.520694
v -0.253647 1.401198 1.528276
v -0.241845 1.545309 1.536162
v -0.254958 1.543911 1.530730
v -0.267568 1.539771 1.525507
v -0.279189 1.533048 1.520694
v -0.289374 1.524000 1.516475
v -0.297733 1.512975 1.513012
v -0.303945 1.500396 1.510439
v -0.307770 1.486748 1.508855
v -0.309061 1.472554 1.508320
v -0.307770 1.458361 1.508855
v -0.303945 1.444713 1.510439
v -0.297733 1.432134 1.513012
v -0.289374 1.421109 1.516475
v -0.279189 1.412061 1.520694
v -0.267568 1.405338 1.525507
v -0.254958 1.401198 1.530730
v -0.255766 1.543911 1.533393
v -0.269152 1.539771 1.530730
v -0.281489 1.533048 1.528276
v -0.292302 1.524000 1.526125
v -0.301176 1.512975 1.524360
v -0.307770 1.500396 1.523049
v -0.311830 1.486748 1.522241
v -0.313202 1.472554 1.521968
v -0.311830 1.458361 1.522241
v -0.307770 1.444713 1.523049
v -0.301176 1.432134 1.524360
v -0.292302 1.421109 1.526125
v -0.281489 1.412061 1.528276
v -0.269152 1.405338 1.530730
v -0.255766 1.401198 1.533393
v -0.256039 1.543911 1.536162
v -0.269687 1.539771 1.536162
v -0.282265 1.533048 1.536162
v -0.293290 1.524000 1.536162
v -0.302338 1.512975 1.536162
v -0.309061 1.500396 1.536162
v -0.313202 1.486748 1.536162
v -0.314599 1.472554 1.536162
v -0.313202 1.458361 1.536162
v -0.309061 1.444713 1.536162
v -0.302338 1.432134 1.536162
v -0.293290 1.421109 1.536162
v -0.282265 1.412061 1.536162
v -0.269687 1.405338 1.536162
v -0.256039 1.401198 1.536162
v -0.255766 1.543911 1.538931
v -0.269152 1.539771 1.541594
v -0.281489 1.533048 1.544047
v -0.292302 1.524000 1.546198
v -0.301176 1.512975 1.547964
v -0.307770 1.500396 1.549275
v -0.311830 1.486748 1.550083
v -0.313202 1.472554 1.550356
v -0.311830 1.458361 1.550083
v -0.307770 1.444713 1.549275
v -0.301176 1.432134 1.547964
v -0.292302 1.421109 1.546198
v -0.281489 1.412061 1.544047
v -0.269152 1.405338 1.541594
v -0.255766 1.401198 1.538931
v -0.254958 1.543911 1.541594
v -0.267568 1.539771 1.546817
v -0.279189 1.533048 1.551630
v -0.289374 1.524000 1.555849
v -0.297733 1.512975 1.559312
v -0.303945 1.500396 1.561884
v -0.307770 1.486748 1.563469
v -0.309061 1.472554 1.564004
v -0.307770 1.458361 1.563469
v -0.303945 1.444713 1.561884
v -0.297733 1.432134 1.559312
v -0.289374 1.421109 1.555849
v -0.279189 1.412061 1.551630
v -0.267568 1.405338 1.546817
v -0.254958 1.401198 1.541594
v -0.253647 1.543911 1.544047
v -0.264995 1.539771 1.551630
v -0.275453 1.533048 1.558618
v -0.284620 1.524000 1.564743
v -0.292143 1.512975 1.569770
v -0.297733 1.500396 1.573505
v -0.301176 1.486748 1.575805
v -0.302338 1.472554 1.576582
v -0.301176 1.458361 1.575805
v -0.297733 1.444713 1.573505
v -0.292143 1.432134 1.569770
v -0.284620 1.421109 1.564743
v -0.275453 1.412061 1.558618
v -0.264995 1.405338 1.551630
v -0.253647 1.401198 1.544047
v -0.251882 1.543911 1.546198
v -0.261532 1.539771 1.555849
v -0.270426 1.533048 1.564743
v -0.278222 1.524000 1.572539
v -0.284620 1.512975 1.578937
v -0.289374 1.500396 1.583691
v -0.292302 1.486748 1.586619
v -0.293290 1.472554 1.587607
v -0.292302 1.458361 1.586619
v -0.289374 1.444713 1.583691
v -0.284620 1.432134 1.578937
v -0.278222 1.421109 1.572539
v -0.270426 1.412061 1.564743
v -0.261532 1.405338 1.555849
v -0.251882 1.401198 1.546198
v -0.249731 1.543911 1.547964
v -0.257313 1.539771 1.559312
v -0.264301 1.533048 1.569770
v -0.270427 1.524000 1.578937
v -0.275453 1.512975 1.586460
v -0.279189 1.500396 1.592050
v -0.281489 1.486748 1.595493
v -0.282265 1.472554 1.596655
v -0.281489 1.458361 1.595493
v -0.279189 1.444713 1.592050
v -0.275453 1.432134 1.586460
v -0.270427 1.421109 1.578937
v -0.264301 1.412061 1.569770
v -0.257313 1.405338 1.559312
v -0.249731 1.401198 1.547964
v -0.247277 1.543911 1.549275
v -0.252500 1.539771 1.561884
v -0.257313 1.533048 1.573505
v -0.261532 1.524000 1.583691
v -0.264995 1.512975 1.592050
v -0.267568 1.500396 1.598261
v -0.269152 1.486748 1.602086
v -0.269687 1.472554 1.603378
v -0.269152 1.458361 1.602086
v -0.267568 1.444713 1.598261
v -0.264995 1.432134 1.592050
v -0.261532 1.421109 1.583691
v -0.257313 1.412061 1.573505
v -0.252500 1.405338 1.561884
v -0.247277 1.401198 1.549275
v -0.244614 1.543911 1.550083
v -0.247277 1.539771 1.563469
v -0.249731 1.533048 1.575805
v -0.251882 1.524000 1.586619
v -0.253647 1.512975 1.595493
v -0.254958 1.500396 1.602086
v -0.255766 1.486748 1.606147
v -0.256039 1.472554 1.607518
v -0.255766 1.458361 1.606147
v -0.254958 1.444713 1.602086
v -0.253647 1.432134 1.595493
v -0.251882 1.421109 1.586619
v -0.249731 1.412061 1.575805
v -0.247277 1.405338 1.563469
v -0.244614 1.401198 1.550083
v -0.241845 1.543911 1.550356
v -0.241845 1.539771 1.564004
v -0.241845 1.533048 1.576582
v -0.241845 1.524000 1.587607
v -0.241845 1.512975 1.596655
v -0.241845 1.500396 1.603378
v -0.241845 1.486748 1.607518
v -0.241845 1.472554 1.608916
v -0.241845 1.458361 1.607518
v -0.241845 1.444713 1.603378
v -0.241845 1.432134 1.596655
v -0.241845 1.421109 1.587607
v -0.241845 1.412061 1.576582
v -0.241845 1.405338 1.564004
v -0.241845 1.401198 1.550356
v -0.239076 1.543911 1.550083
v -0.236413 1.539771 1.563469
v -0.233960 1.533048 1.575805
v -0.231809 1.524000 1.586619
v -0.230044 1.512975 1.595493
v -0.228732 1.500396 1.602086
v -0.227924 1.486748 1.606147
v -0.227651 1.472554 1.607518
v -0.227924 1.458361 1.606147
v -0.228732 1.444713 1.602086
v -0.230044 1.432134 1.595493
v -0.231809 1.421109 1.586619
v -0.233960 1.412061 1.575805
v -0.236413 1.405338 1.563469
v -0.239076 1.401198 1.550083
v -0.236413 1.543911 1.549275
v -0.231190 1.539771 1.561884
v -0.226377 1.533048 1.573505
v -0.222158 1.524000 1.583691
v -0.218695 1.512975 1.592050
v -0.216123 1.500396 1.598261
v -0.214538 1.486748 1.602086
v -0.214003 1.472554 1.603378
v -0.214538 1.458361 1.602086
v -0.216123 1.444713 1.598261
v -0.218695 1.432134 1.592050
v -0.222158 1.421109 1.583691
v -0.226377 1.412061 1.573505
v -0.231190 1.405338 1.561884
v -0.236413 1.401198 1.549275
v -0.233960 1.543911 1.547964
v -0.226377 1.539771 1.559312
v -0.219389 1.533048 1.569770
v -0.213264 1.524000 1.578937
v -0.208237 1.512975 1.586460
v -0.204502 1.500396 1.592050
v -0.202202 1.486748 1.595493
v -0.201425 1.472554 1.596655
v -0.202202 1.458361 1.595493
v -0.204502 1.444713 1.592050
v -0.208237 1.432134 1.586460
v -0.213264 1.421109 1.578937
v -0.219389 1.412061 1.569770
v -0.226377 1.405338 1.559312
v -0.233960 1.401198 1.547964
v -0.231809 1.543911 1.546198
v -0.222158 1.539771 1.555849
v -0.213264 1.533048 1.564743
v -0.205468 1.524000 1.572539
v -0.199070 1.512975 1.578937
v -0.194316 1.500396 1.583691
v -0.191389 1.486748 1.586619
v -0.190400 1.472554 1.587607
v -0.191389 1.458361 1.586619
v -0.194316 1.444713 1.583691
v -0.199070 1.432134 1.578937
v -0.205468 1.421109 1.572539
v -0.213264 1.412061 1.564743
v -0.222158 1.405338 1.555849
v -0.231809 1.401198 1.546198
v -0.241845 1.399800 1.536162
v -0.230044 1.543911 1.544047
v -0.218695 1.539771 1.551630
v -0.208237 1.533048 1.558618
v -0.199070 1.524000 1.564743
v -0.191547 1.512975 1.569770
v -0.185957 1.500396 1.573505
v -0.182514 1.486748 1.575805
v -0.181352 1.472554 1.576582
v -0.182514 1.458361 1.575805
v -0.185957 1.444713 1.573505
v -0.191547 1.432134 1.569770
v -0.199070 1.421109 1.564743
v -0.208237 1.412061 1.558618
v -0.218695 1.405338 1.551630
v -0.230044 1.401198 1.544047
v -0.228732 1.543911 1.541594
v -0.216123 1.539771 1.546817
v -0.204502 1.533048 1.551630
v -0.194316 1.524000 1.555849
v -0.185957 1.512975 1.559312
v -0.179745 1.500396 1.561884
v -0.175920 1.486748 1.563469
v -0.174629 1.472554 1.564004
v -0.175920 1.458361 1.563469
v -0.179745 1.444713 1.561884
v -0.185957 1.432134 1.559312
v -0.194316 1.421109 1.555849
v -0.204502 1.412061 1.551630
v -0.216123 1.405338 1.546817
v -0.228732 1.401198 1.541594
v -0.227924 1.543911 1.538931
v -0.214538 1.539771 1.541594
v -0.202202 1.533048 1.544047
v -0.191389 1.524000 1.546198
v -0.182515 1.512975 1.547964
v -0.175920 1.500396 1.549275
v -0.171860 1.486748 1.550083
v -0.170489 1.472554 1.550356
v -0.171860 1.458361 1.550083
v -0.175920 1.444713 1.549275
v -0.182515 1.432134 1.547964
v -0.191389 1.421109 1.546198
v -0.202202 1.412061 1.544047
v -0.214538 1.405338 1.541594
v -0.227924 1.401198 1.538931
v -0.227651 1.543911 1.536162
v -0.214003 1.539771 1.536162
v -0.201425 1.533048 1.536162
v -0.190400 1.524000 1.536162
v -0.181352 1.512975 1.536162
v -0.174629 1.500396 1.536162
v -0.170489 1.486748 1.536162
v -0.169091 1.472554 1.536162
v -0.170489 1.458361 1.536162
v -0.174629 1.444713 1.536162
v -0.181352 1.432134 1.536162
v -0.190400 1.421109 1.536162
v -0.201425 1.412061 1.536162
v -0.214003 1.405338 1.536162
v -0.227651 1.401198 1.536162
v -0.227924 1.543911 1.533393
v -0.214538 1.539771 1.530730
v -0.202202 1.533048 1.528276
v -0.191389 1.524000 1.526125
v -0.182515 1.512975 1.524360
v -0.175920 1.500396 1.523049
v -0.171860 1.486748 1.522241
v -0.170489 1.472554 1.521968
v -0.171860 1.458361 1.522241
v -0.175920 1.444713 1.523049
v -0.182515 1.432134 1.524360
v -0.191389 1.421109 1.526125
v -0.202202 1.412061 1.528276
v -0.214538 1.405338 1.530730
v -0.227924 1.401198 1.533393
v -0.228732 1.543911 1.530730
v -0.216123 1.539771 1.525507
v -0.204502 1.533048 1.520694
v -0.194316 1.524000 1.516475
v -0.185957 1.512975 1.513012
v -0.179745 1.500396 1.510439
v -0.175920 1.486748 1.508855
v -0.174629 1.472554 1.508320
v -0.175920 1.458361 1.508855
v -0.179745 1.444713 1.510439
v -0.185957 1.432134 1.513012
v -0.194316 1.421109 1.516475
v -0.204502 1.412061 1.520694
v -0.216123 1.405338 1.525507
v -0.228732 1.401198 1.530730
v -0.230044 1.543911 1.528276
v -0.218695 1.539771 1.520694
v -0.208237 1.533048 1.513706
v -0.199070 1.524000 1.507581
v -0.191547 1.512975 1.502554
v -0.185957 1.500396 1.498819
v -0.182515 1.486748 1.496518
v -0.181352 1.472554 1.495742
v -0.182515 1.458361 1.496518
v -0.185957 1.444713 1.498819
v -0.191547 1.432134 1.502554
v -0.199070 1.421109 1.507581
v -0.208237 1.412061 1.513706
v -0.218695 1.405338 1.520694
v -0.230044 1.401198 1.528276
v -0.231809 1.543911 1.526125
v -0.222158 1.539771 1.516475
v -0.213264 1.533048 1.507581
v -0.205468 1.524000 1.499785
v -0.199070 1.512975 1.493387
v -0.194316 1.500396 1.488633
v -0.191389 1.486748 1.485705
v -0.190400 1.472554 1.484717
v -0.191389 1.458361 1.485705
v -0.194316 1.444713 1.488633
v -0.199070 1.432134 1.493387
v -0.205468 1.421109 1.499785
v -0.213264 1.412061 1.507581
v -0.222158 1.405338 1.516475
v -0.231809 1.401198 1.526125
v -0.233960 1.543911 1.524360
v -0.226377 1.539771 1.513012
v -0.219389 1.533048 1.502554
v -0.213264 1.524000 1.493387
v -0.208237 1.512975 1.485864
v -0.204502 1.500396 1.480274
v -0.202202 1.486748 1.476831
v -0.201425 1.472554 1.475669
v -0.202202 1.458361 1.476831
v -0.204502 1.444713 1.480274
v -0.208237 1.432134 1.485864
v -0.213264 1.421109 1.493387
v -0.219389 1.412061 1.502554
v -0.226377 1.405338 1.513012
v -0.233960 1.401198 1.524360
v -0.236413 1.543911 1.523049
v -0.231191 1.539771 1.510439
v -0.226377 1.533048 1.498819
v -0.222158 1.524000 1.488633
v -0.218695 1.512975 1.480274
v -0.216123 1.500396 1.474062
v -0.214538 1.486748 1.470237
v -0.214003 1.472554 1.468946
v -0.214538 1.458361 1.470237
v -0.216123 1.444713 1.474062
v -0.218695 1.432134 1.480274
v -0.222158 1.421109 1.488633
v -0.226377 1.412061 1.498819
v -0.231191 1.405338 1.510439
v -0.236413 1.401198 1.523049
v -0.239076 1.543911 1.522241
v -0.236413 1.539771 1.508855
v -0.233960 1.533048 1.496518
v -0.231809 1.524000 1.485705
v -0.230044 1.512975 1.476831
v -0.228732 1.500396 1.470237
v -0.227924 1.486748 1.466177
v -0.227652 1.472554 1.464806
v -0.227924 1.458361 1.466177
v -0.228732 1.444713 1.470237
v -0.230044 1.432134 1.476831
v -0.231809 1.421109 1.485705
v -0.233960 1.412061 1.496518
v -0.236413 1.405338 1.508855
v -0.239076 1.401198 1.522241
v -0.241845 1.543911 1.521968
v -0.241845 1.539771 1.508320
v -0.241845 1.524000 1.484717
v -0.241845 1.500396 1.468946
v -0.241845 1.444713 1.468946
v -0.241845 1.421109 1.484717
v -0.241845 1.412061 1.495742
v -0.241845 1.405338 1.508320
v -0.241845 1.401198 1.521968
vn -0.0000 0.8286 -0.5598
vn -0.0000 0.5528 -0.8333
vn -0.0000 0.1939 -0.9810
vn -0.0000 -0.0000 -1.0000
vn -0.0000 -0.1939 -0.9810
vn -0.0000 -0.5528 -0.8333
vn 0.0392 0.9796 -0.1971
vn 0.0757 0.9217 -0.3804
vn 0.1092 0.8286 -0.5490
vn 0.1385 0.7041 -0.6965
vn 0.1626 0.5528 -0.8173
vn 0.1804 0.3805 -0.9070
vn 0.1914 0.1939 -0.9622
vn 0.1951 -0.0000 -0.9808
vn 0.1914 -0.1939 -0.9622
vn 0.1804 -0.3805 -0.9070
vn 0.1626 -0.5528 -0.8173
vn 0.1385 -0.7041 -0.6965
vn 0.1092 -0.8286 -0.5490
vn 0.0757 -0.9217 -0.3804
vn 0.0392 -0.9796 -0.1971
vn 0.0769 0.9796 -0.1857
vn 0.1484 0.9217 -0.3584
vn 0.2142 0.8286 -0.5172
vn 0.2718 0.7041 -0.6561
vn 0.3189 0.5528 -0.7699
vn 0.3539 0.3805 -0.8544
vn 0.3754 0.1939 -0.9063
vn 0.3827 -0.0000 -0.9239
vn 0.3754 -0.1939 -0.9063
vn 0.3539 -0.3805 -0.8544
vn 0.3189 -0.5528 -0.7699
vn 0.2718 -0.7041 -0.6561
vn 0.2142 -0.8286 -0.5172
vn 0.1484 -0.9217 -0.3584
vn 0.0769 -0.9796 -0.1857
vn 0.1117 0.9796 -0.1671
vn 0.2155 0.9217 -0.3225
vn 0.3110 0.8286 -0.4654
vn 0.3945 0.7041 -0.5905
vn 0.4630 0.5528 -0.6929
vn 0.5138 0.3805 -0.7689
vn 0.5450 0.1939 -0.8157
vn 0.5556 -0.0000 -0.8315
vn 0.5450 -0.1939 -0.8157
vn 0.5138 -0.3805 -0.7689
vn 0.4630 -0.5528 -0.6929
vn 0.3945 -0.7041 -0.5905
vn 0.3110 -0.8286 -0.4654
vn 0.2155 -0.9217 -0.3225
vn 0.1117 -0.9796 -0.1671
vn 0.1421 0.9796 -0.1421
vn 0.2743 0.9217 -0.2743
vn 0.3958 0.8286 -0.3958
vn 0.5021 0.7041 -0.5021
vn 0.5893 0.5528 -0.5893
vn 0.6539 0.3805 -0.6539
vn 0.6937 0.1939 -0.6937
vn 0.7071 -0.0000 -0.7071
vn 0.6937 -0.1939 -0.6937
vn 0.6539 -0.3805 -0.6539
vn 0.5893 -0.5528 -0.5893
vn 0.5021 -0.7041 -0.5021
vn 0.3958 -0.8286 -0.3958
vn 0.2743 -0.9217 -0.2743
vn 0.1421 -0.9796 -0.1421
vn 0.1671 0.9796 -0.1117
vn 0.3225 0.9217 -0.2155
vn 0.4654 0.8286 -0.3110
vn 0.5905 0.7041 -0.3945
vn 0.6929 0.5528 -0.4630
vn 0.7689 0.3805 -0.5138
vn 0.8157 0.1939 -0.5450
vn 0.8315 -0.0000 -0.5556
vn 0.8157 -0.1939 -0.5450
vn 0.7689 -0.3805 -0.5138
vn 0.6929 -0.5528 -0.4630
vn 0.5905 -0.7041 -0.3945
vn 0.4654 -0.8286 -0.3110
vn 0.3225 -0.9217 -0.2155
vn 0.1671 -0.9796 -0.1116
vn -0.0000 1.0000 -0.0000
vn 0.1857 0.9796 -0.0769
vn 0.3584 0.9217 -0.1484
vn 0.5172 0.8286 -0.2142
vn 0.6561 0.7041 -0.2718
vn 0.7699 0.5528 -0.3189
vn 0.8544 0.3805 -0.3539
vn 0.9063 0.1939 -0.3754
vn 0.9239 -0.0000 -0.3827
vn 0.9063 -0.1939 -0.3754
vn 0.8544 -0.3805 -0.3539
vn 0.7699 -0.5528 -0.3189
vn 0.6561 -0.7041 -0.2718
vn 0.5172 -0.8286 -0.2142
vn 0.3584 -0.9217 -0.1484
vn 0.1857 -0.9796 -0.0769
vn 0.1971 0.9796 -0.0392
vn 0.3804 0.9217 -0.0757
vn 0.5490 0.8286 -0.1092
vn 0.6965 0.7041 -0.1385
vn 0.8173 0.5528 -0.1626
vn 0.9070 0.3805 -0.1804
vn 0.9622 0.1939 -0.1914
vn 0.9808 -0.0000 -0.1951
vn 0.9622 -0.1939 -0.1914
vn 0.9070 -0.3805 -0.1804
vn 0.8173 -0.5528 -0.1626
vn 0.6965 -0.7041 -0.1385
vn 0.5490 -0.8286 -0.1092
vn 0.3804 -0.9217 -0.0757
vn 0.1971 -0.9796 -0.0392
vn 0.2010 0.9796 -0.0000
vn 0.3879 0.9217 -0.0000
vn 0.5598 0.8286 -0.0000
vn 0.7101 0.7041 -0.0000
vn 0.8333 0.5528 -0.0000
vn 0.9248 0.3805 -0.0000
vn 0.9810 0.1939 -0.0000
vn 1.0000 -0.0000 -0.0000
vn 0.9810 -0.1939 -0.0000
vn 0.9248 -0.3805 -0.0000
vn 0.8333 -0.5528 -0.0000
vn 0.7101 -0.7041 -0.0000
vn 0.5598 -0.8286 -0.0000
vn 0.3879 -0.9217 -0.0000
vn 0.2010 -0.9796 -0.0000
vn 0.1971 0.9796 0.0392
vn 0.3804 0.9217 0.0757
vn 0.5490 0.8286 0.1092
vn 0.6965 0.7041 0.1385
vn 0.8173 0.5528 0.1626
vn 0.9070 0.3805 0.1804
vn 0.9622 0.1939 0.1914
vn 0.9808 -0.0000 0.1951
vn 0.9622 -0.1939 0.1914
vn 0.9070 -0.3805 0.1804
vn 0.8173 -0.5528 0.1626
vn 0.6965 -0.7041 0.1385
vn 0.5490 -0.8286 0.1092
vn 0.3804 -0.9217 0.0757
vn 0.1971 -0.9796 0.0392
vn 0.1857 0.9796 0.0769
vn 0.3584 0.9217 0.1484
vn 0.5172 0.8286 0.2142
vn 0.6561 0.7041 0.2718
vn 0.7699 0.5528 0.3189
vn 0.8544 0.3805 0.3539
vn 0.9063 0.1939 0.3754
vn 0.9239 -0.0000 0.3827
vn 0.9063 -0.1939 0.3754
vn 0.8544 -0.3805 0.3539
vn 0.7699 -0.5528 0.3189
vn 0.6561 -0.7041 0.2718
vn 0.5172 -0.8286 0.2142
vn 0.3584 -0.9217 0.1484
vn 0.1857 -0.9796 0.0769
vn 0.1671 0.9796 0.1116
vn 0.3225 0.9217 0.2155
vn 0.4654 0.8286 0.3110
vn 0.5905 0.7041 0.3945
vn 0.6929 0.5528 0.4630
vn 0.7689 0.3805 0.5138
vn 0.8157 0.1939 0.5450
vn 0.8315 -0.0000 0.5556
vn 0.8157 -0.1939 0.5450
vn 0.7689 -0.3805 0.5138
vn 0.6929 -0.5528 0.4630
vn 0.5905 -0.7041 0.3945
vn 0.4654 -0.8286 0.3110
vn 0.3225 -0.9217 0.2155
vn 0.1671 -0.9796 0.1117
vn 0.1421 0.9796 0.1421
vn 0.2743 0.9217 0.2743
vn 0.3958 0.8286 0.3958
vn 0.5021 0.7041 0.5021
vn 0.5893 0.5528 0.5893
vn 0.6539 0.3805 0.6539
vn 0.6937 0.1939 0.6937
vn 0.7071 -0.0000 0.7071
vn 0.6937 -0.1939 0.6937
vn 0.6539 -0.3805 0.6539
vn 0.5893 -0.5528 0.5893
vn 0.5021 -0.7041 0.5021
vn 0.3958 -0.8286 0.3958
vn 0.2743 -0.9217 0.2743
vn 0.1421 -0.9796 0.1421
vn 0.1117 0.9796 0.1671
vn 0.2155 0.9217 0.3225
vn 0.3110 0.8286 0.4654
vn 0.3945 0.7041 0.5905
vn 0.4630 0.5528 0.6929
vn 0.5138 0.3805 0.7689
vn 0.5450 0.1939 0.8157
vn 0.5556 -0.0000 0.8315
vn 0.5450 -0.1939 0.8157
vn 0.5138 -0.3805 0.7689
vn 0.4630 -0.5528 0.6929
vn 0.3945 -0.7041 0.5905
vn 0.3110 -0.8286 0.4654
vn 0.2155 -0.9217 0.3225
vn 0.1116 -0.9796 0.1671
vn 0.0769 0.9796 0.1857
vn 0.1484 0.9217 0.3584
vn 0.2142 0.8286 0.5172
vn 0.2718 0.7041 0.6561
vn 0.3189 0.5528 0.7699
vn 0.3539 0.3805 0.8544
vn 0.3754 0.1939 0.9063
vn 0.3827 -0.0000 0.9239
vn 0.3754 -0.1939 0.9063
vn 0.3539 -0.3805 0.8544
vn 0.3189 -0.5528 0.7699
vn 0.2718 -0.7041 0.6561
vn 0.2142 -0.8286 0.5172
vn 0.1484 -0.9217 0.3584
vn 0.0769 -0.9796 0.1857
vn 0.0392 0.9796 0.1971
vn 0.0757 0.9217 0.3804
vn 0.1092 0.8286 0.5490
vn 0.1385 0.7041 0.6965
vn 0.1626 0.5528 0.8173
vn 0.1804 0.3805 0.9070
vn 0.1914 0.1939 0.9622
vn 0.1951 -0.0000 0.9808
vn 0.1914 -0.1939 0.9622
vn 0.1804 -0.3805 0.9070
vn 0.1626 -0.5528 0.8173
vn 0.1385 -0.7041 0.6965
vn 0.1092 -0.8286 0.5490
vn 0.0757 -0.9217 0.3804
vn 0.0392 -0.9796 0.1971
vn -0.0000 0.9796 0.2010
vn -0.0000 0.9217 0.3879
vn -0.0000 0.8286 0.5598
vn -0.0000 0.7041 0.7101
vn -0.0000 0.5528 0.8333
vn -0.0000 0.3805 0.9248
vn -0.0000 0.1939 0.9810
vn -0.0000 -0.0000 1.0000
vn -0.0000 -0.1939 0.9810
vn -0.0000 -0.3805 0.9248
vn -0.0000 -0.5528 0.8333
vn -0.0000 -0.7041 0.7101
vn -0.0000 -0.8286 0.5598
vn -0.0000 -0.9217 0.3879
vn -0.0000 -0.9796 0.2010
vn -0.0392 0.9796 0.1971
vn -0.0757 0.9217 0.3804
vn -0.1092 0.8286 0.5490
vn -0.1385 0.7041 0.6965
vn -0.1626 0.5528 0.8173
vn -0.1804 0.3805 0.9070
vn -0.1914 0.1939 0.9622
vn -0.1951 -0.0000 0.9808
vn -0.1914 -0.1939 0.9622
vn -0.1804 -0.3805 0.9070
vn -0.1626 -0.5528 0.8173
vn -0.1385 -0.7041 0.6965
vn -0.1092 -0.8286 0.5490
vn -0.0757 -0.9217 0.3804
vn -0.0392 -0.9796 0.1971
vn -0.0769 0.9796 0.1857
vn -0.1484 0.9217 0.3584
vn -0.2142 0.8286 0.5172
vn -0.2718 0.7041 0.6561
vn -0.3189 0.5528 0.7699
vn -0.3539 0.3805 0.8544
vn -0.3754 0.1939 0.9063
vn -0.3827 -0.0000 0.9239
vn -0.3754 -0.1939 0.9063
vn -0.3539 -0.3805 0.8544
vn -0.3189 -0.5528 0.7699
vn -0.2718 -0.7041 0.6561
vn -0.2142 -0.8286 0.5172
vn -0.1484 -0.9217 0.3584
vn -0.0769 -0.9796 0.1857
vn -0.1117 0.9796 0.1671
vn -0.2155 0.9217 0.3225
vn -0.3110 0.8286 0.4654
vn -0.3945 0.7041 0.5905
vn -0.4630 0.5528 0.6929
vn -0.5138 0.3805 0.7689
vn -0.5450 0.1939 0.8157
vn -0.5556 -0.0000 0.8315
vn -0.5450 -0.1939 0.8157
vn -0.5138 -0.3805 0.7689
vn -0.4630 -0.5528 0.6929
vn -0.3945 -0.7041 0.5905
vn -0.3110 -0.8286 0.4654
vn -0.2155 -0.9217 0.3225
vn -0.1116 -0.9796 0.1671
vn -0.1421 0.9796 0.1421
vn -0.2743 0.9217 0.2743
vn -0.3958 0.8286 0.3958
vn -0.5021 0.7041 0.5021
vn -0.5893 0.5528 0.5893
vn -0.6539 0.3805 0.6539
vn -0.6937 0.1939 0.6937
vn -0.7071 -0.0000 0.7071
vn -0.6937 -0.1939 0.6937
vn -0.6539 -0.3805 0.6539
vn -0.5893 -0.5528 0.5893
vn -0.5021 -0.7041 0.5021
vn -0.3958 -0.8286 0.3958
vn -0.2743 -0.9217 0.2743
vn -0.1421 -0.9796 0.1421
vn -0.0000 -1.0000 -0.0000
vn -0.1671 0.9796 0.1116
vn -0.3225 0.9217 0.2155
vn -0.4654 0.8286 0.3110
vn -0.5905 0.7041 0.3945
vn -0.6929 0.5528 0.4630
vn -0.7689 0.3805 0.5138
vn -0.8157 0.1939 0.5450
vn -0.8315 -0.0000 0.5556
vn -0.8157 -0.1939 0.5450
vn -0.7689 -0.3805 0.5138
vn -0.6929 -0.5528 0.4630
vn -0.5905 -0.7041 0.3945
vn -0.4654 -0.8286 0.3110
vn -0.3225 -0.9217 0.2155
vn -0.1671 -0.9796 0.1116
vn -0.1857 0.9796 0.0769
vn -0.3584 0.9217 0.1484
vn -0.5172 0.8286 0.2142
vn -0.6561 0.7041 0.2718
vn -0.7699 0.5528 0.3189
vn -0.8544 0.3805 0.3539
vn -0.9063 0.1939 0.3754
vn -0.9239 -0.0000 0.3827
vn -0.9063 -0.1939 0.3754
vn -0.8544 -0.3805 0.3539
vn -0.7699 -0.5528 0.3189
vn -0.6561 -0.7041 0.2718
vn -0.5172 -0.8286 0.2142
vn -0.3584 -0.9217 0.1484
vn -0.1857 -0.9796 0.0769
vn -0.1971 0.9796 0.0392
vn -0.3804 0.9217 0.0757
vn -0.5490 0.8286 0.1092
vn -0.6965 0.7041 0.1385
vn -0.8173 0.5528 0.1626
vn -0.9070 0.3805 0.1804
vn -0.9622 0.1939 0.1914
vn -0.9808 -0.0000 0.1951
vn -0.9622 -0.1939 0.1914
vn -0.9070 -0.3805 0.1804
vn -0.8173 -0.5528 0.1626
vn -0.6965 -0.7041 0.1385
vn -0.5490 -0.8286 0.1092
vn -0.3804 -0.9217 0.0757
vn -0.1971 -0.9796 0.0392
vn -0.2010 0.9796 -0.0000
vn -0.3879 0.9217 -0.0000
vn -0.5598 0.8286 -0.0000
vn -0.7101 0.7041 -0.0000
vn -0.8333 0.5528 -0.0000
vn -0.9248 0.3805 -0.0000
vn -0.9810 0.1939 -0.0000
vn -1.0000 -0.0000 -0.0000
vn -0.9810 -0.1939 -0.0000
vn -0.9248 -0.3805 -0.0000
vn -0.8333 -0.5528 -0.0000
vn -0.7101 -0.7041 -0.0000
vn -0.5598 -0.8286 -0.0000
vn -0.3879 -0.9217 -0.0000
vn -0.2010 -0.9796 -0.0000
vn -0.1971 0.9796 -0.0392
vn -0.3804 0.9217 -0.0757
vn -0.5490 0.8287 -0.1092
vn -0.6965 0.7041 -0.1385
vn -0.8173 0.5528 -0.1626
vn -0.9070 0.3805 -0.1804
vn -0.9622 0.1939 -0.1914
vn -0.9808 -0.0000 -0.1951
vn -0.9622 -0.1939 -0.1914
vn -0.9070 -0.3805 -0.1804
vn -0.8173 -0.5528 -0.1626
vn -0.6965 -0.7041 -0.1385
vn -0.5490 -0.8287 -0.1092
vn -0.3804 -0.9217 -0.0757
vn -0.1971 -0.9796 -0.0392
vn -0.1857 0.9796 -0.0769
vn -0.3584 0.9217 -0.1484
vn -0.5172 0.8286 -0.2142
vn -0.6561 0.7041 -0.2718
vn -0.7699 0.5528 -0.3189
vn -0.8544 0.3805 -0.3539
vn -0.9063 0.1939 -0.3754
vn -0.9239 -0.0000 -0.3827
vn -0.9063 -0.1939 -0.3754
vn -0.8544 -0.3805 -0.3539
vn -0.7699 -0.5528 -0.3189
vn -0.6561 -0.7041 -0.2718
vn -0.5172 -0.8286 -0.2142
vn -0.3584 -0.9217 -0.1484
vn -0.1857 -0.9796 -0.0769
vn -0.1671 0.9796 -0.1117
vn -0.3225 0.9217 -0.2155
vn -0.4654 0.8286 -0.3110
vn -0.5905 0.7041 -0.3945
vn -0.6929 0.5528 -0.4630
vn -0.7689 0.3805 -0.5138
vn -0.8157 0.1939 -0.5450
vn -0.8315 -0.0000 -0.5556
vn -0.8157 -0.1939 -0.5450
vn -0.7689 -0.3805 -0.5138
vn -0.6929 -0.5528 -0.4630
vn -0.5905 -0.7041 -0.3945
vn -0.4654 -0.8286 -0.3110
vn -0.3225 -0.9217 -0.2155
vn -0.1671 -0.9796 -0.1117
vn -0.1421 0.9796 -0.1421
vn -0.2743 0.9217 -0.2743
vn -0.3958 0.8286 -0.3958
vn -0.5021 0.7041 -0.5021
vn -0.5893 0.5528 -0.5893
vn -0.6539 0.3805 -0.6539
vn -0.6937 0.1939 -0.6937
vn -0.7071 -0.0000 -0.7071
vn -0.6937 -0.1939 -0.6937
vn -0.6539 -0.3805 -0.6539
vn -0.5893 -0.5528 -0.5893
vn -0.5021 -0.7041 -0.5021
vn -0.3958 -0.8286 -0.3958
vn -0.2743 -0.9217 -0.2743
vn -0.1421 -0.9796 -0.1421
vn -0.1117 0.9796 -0.1671
vn -0.2155 0.9217 -0.3225
vn -0.3110 0.8286 -0.4654
vn -0.3945 0.7041 -0.5905
vn -0.4630 0.5528 -0.6929
vn -0.5138 0.3805 -0.7689
vn -0.5450 0.1939 -0.8157
vn -0.5556 -0.0000 -0.8315
vn -0.5450 -0.1939 -0.8157
vn -0.5138 -0.3805 -0.7689
vn -0.4630 -0.5528 -0.6929
vn -0.3945 -0.7041 -0.5905
vn -0.3110 -0.8286 -0.4654
vn -0.2155 -0.9217 -0.3225
vn -0.1116 -0.9796 -0.1671
vn -0.0769 0.9796 -0.1857
vn -0.1484 0.9217 -0.3584
vn -0.2142 0.8286 -0.5172
vn -0.2718 0.7041 -0.6561
vn -0.3189 0.5528 -0.7699
vn -0.3539 0.3805 -0.8544
vn -0.3754 0.1939 -0.9063
vn -0.3827 -0.0000 -0.9239
vn -0.3754 -0.1939 -0.9063
vn -0.3539 -0.3805 -0.8544
vn -0.3189 -0.5528 -0.7699
vn -0.2718 -0.7041 -0.6561
vn -0.2142 -0.8286 -0.5172
vn -0.1484 -0.9217 -0.3584
vn -0.0769 -0.9796 -0.1857
vn -0.0392 0.9796 -0.1971
vn -0.0757 0.9217 -0.3804
vn -0.1092 0.8286 -0.5490
vn -0.1385 0.7041 -0.6965
vn -0.1626 0.5528 -0.8173
vn -0.1804 0.3805 -0.9070
vn -0.1914 0.1939 -0.9622
vn -0.1951 -0.0000 -0.9808
vn -0.1914 -0.1939 -0.9622
vn -0.1804 -0.3805 -0.9070
vn -0.1626 -0.5528 -0.8173
vn -0.1385 -0.7041 -0.6965
vn -0.1092 -0.8286 -0.5490
vn -0.0757 -0.9217 -0.3804
vn -0.0392 -0.9796 -0.1971
vn -0.0000 0.9796 -0.2010
vn -0.0000 0.9217 -0.3879
vn -0.0000 0.7041 -0.7101
vn -0.0000 0.3805 -0.9248
vn -0.0000 -0.3805 -0.9248
vn -0.0000 -0.7041 -0.7101
vn -0.0000 -0.8286 -0.5598
vn -0.0000 -0.9217 -0.3879
vn -0.0000 -0.9796 -0.2010
vn -0.1117 -0.9796 -0.1671
vn -0.1671 0.9796 -0.1116
vn -0.1671 -0.9796 -0.1116
vn -0.5490 0.8286 -0.1092
vn -0.5490 -0.8286 -0.1092
vn -0.1671 -0.9796 0.1117
vn -0.1485 0.9217 0.3584
vn 0.1116 -0.9796 -0.1671
vt 0.750000 0.250000
vt 0.750000 0.312500
vt 0.718750 0.312500
vt 0.718750 0.250000
vt 0.750000 0.687500
vt 0.750000 0.750000
vt 0.718750 0.750000
vt 0.718750 0.687500
vt 0.750000 0.187500
vt 0.718750 0.187500
vt 0.750000 0.625000
vt 0.718750 0.625000
vt 0.750000 0.125000
vt 0.718750 0.125000
vt 0.750000 0.562500
vt 0.718750 0.562500
vt 0.750000 0.062500
vt 0.718750 0.062500
vt 0.750000 0.500000
vt 0.718750 0.500000
vt 0.750000 0.937500
vt 0.734375 1.000000
vt 0.718750 0.937500
vt 0.734375 0.000000
vt 0.750000 0.437500
vt 0.718750 0.437500
vt 0.750000 0.875000
vt 0.718750 0.875000
vt 0.750000 0.375000
vt 0.718750 0.375000
vt 0.750000 0.812500
vt 0.718750 0.812500
vt 0.687500 0.375000
vt 0.687500 0.312500
vt 0.687500 0.812500
vt 0.687500 0.750000
vt 0.687500 0.250000
vt 0.687500 0.687500
vt 0.687500 0.187500
vt 0.687500 0.625000
vt 0.687500 0.125000
vt 0.687500 0.562500
vt 0.687500 0.062500
vt 0.687500 0.500000
vt 0.703125 1.000000
vt 0.687500 0.937500
vt 0.703125 0.000000
vt 0.687500 0.437500
vt 0.687500 0.875000
vt 0.656250 0.125000
vt 0.656250 0.062500
vt 0.656250 0.562500
vt 0.656250 0.500000
vt 0.671875 1.000000
vt 0.656250 0.937500
vt 0.671875 0.000000
vt 0.656250 0.437500
vt 0.656250 0.875000
vt 0.656250 0.375000
vt 0.656250 0.812500
vt 0.656250 0.312500
vt 0.656250 0.750000
vt 0.656250 0.250000
vt 0.656250 0.687500
vt 0.656250 0.187500
vt 0.656250 0.625000
vt 0.625000 0.812500
vt 0.625000 0.750000
vt 0.625000 0.312500
vt 0.625000 0.250000
vt 0.625000 0.687500
vt 0.625000 0.187500
vt 0.625000 0.625000
vt 0.625000 0.125000
vt 0.625000 0.562500
vt 0.625000 0.062500
vt 0.625000 0.500000
vt 0.640625 1.000000
vt 0.625000 0.937500
vt 0.640625 0.000000
vt 0.625000 0.437500
vt 0.625000 0.875000
vt 0.625000 0.375000
vt 0.593750 0.562500
vt 0.593750 0.500000
vt 0.609375 1.000000
vt 0.593750 0.937500
vt 0.609375 0.000000
vt 0.593750 0.062500
vt 0.593750 0.437500
vt 0.593750 0.875000
vt 0.593750 0.375000
vt 0.593750 0.812500
vt 0.593750 0.312500
vt 0.593750 0.750000
vt 0.593750 0.250000
vt 0.593750 0.687500
vt 0.593750 0.187500
vt 0.593750 0.625000
vt 0.593750 0.125000
vt 0.562500 0.312500
vt 0.562500 0.250000
vt 0.562500 0.750000
vt 0.562500 0.687500
vt 0.562500 0.187500
vt 0.562500 0.625000
vt 0.562500 0.125000
vt 0.562500 0.562500
vt 0.562500 0.062500
vt 0.562500 0.500000
vt 0.578125 1.000000
vt 0.562500 0.937500
vt 0.578125 0.000000
vt 0.562500 0.437500
vt 0.562500 0.875000
vt 0.562500 0.375000
vt 0.562500 0.812500
vt 0.546875 1.000000
vt 0.531250 0.937500
vt 0.546875 0.000000
vt 0.531250 0.062500
vt 0.531250 0.500000
vt 0.531250 0.437500
vt 0.531250 0.875000
vt 0.531250 0.375000
vt 0.531250 0.812500
vt 0.531250 0.312500
vt 0.531250 0.750000
vt 0.531250 0.250000
vt 0.531250 0.687500
vt 0.531250 0.187500
vt 0.531250 0.625000
vt 0.531250 0.125000
vt 0.531250 0.562500
vt 0.500000 0.750000
vt 0.500000 0.687500
vt 0.500000 0.250000
vt 0.500000 0.187500
vt 0.500000 0.625000
vt 0.500000 0.125000
vt 0.500000 0.562500
vt 0.500000 0.062500
vt 0.500000 0.500000
vt 0.515625 1.000000
vt 0.500000 0.937500
vt 0.515625 0.000000
vt 0.500000 0.437500
vt 0.500000 0.875000
vt 0.500000 0.375000
vt 0.500000 0.812500
vt 0.500000 0.312500
vt 0.468750 0.500000
vt 0.468750 0.437500
vt 0.468750 0.937500
vt 0.468750 0.875000
vt 0.468750 0.375000
vt 0.468750 0.812500
vt 0.468750 0.312500
vt 0.468750 0.750000
vt 0.468750 0.250000
vt 0.468750 0.687500
vt 0.468750 0.187500
vt 0.468750 0.625000
vt 0.468750 0.125000
vt 0.468750 0.562500
vt 0.468750 0.062500
vt 0.484375 1.000000
vt 0.484375 0.000000
vt 0.437500 0.250000
vt 0.437500 0.187500
vt 0.437500 0.687500
vt 0.437500 0.625000
vt 0.437500 0.125000
vt 0.437500 0.562500
vt 0.437500 0.062500
vt 0.437500 0.500000
vt 0.453125 1.000000
vt 0.437500 0.937500
vt 0.453125 0.000000
vt 0.437500 0.437500
vt 0.437500 0.875000
vt 0.437500 0.375000
vt 0.437500 0.812500
vt 0.437500 0.312500
vt 0.437500 0.750000
vt 0.406250 0.437500
vt 0.406250 0.375000
vt 0.406250 0.875000
vt 0.406250 0.812500
vt 0.406250 0.312500
vt 0.406250 0.750000
vt 0.406250 0.250000
vt 0.406250 0.687500
vt 0.406250 0.187500
vt 0.406250 0.625000
vt 0.406250 0.125000
vt 0.406250 0.562500
vt 0.406250 0.062500
vt 0.406250 0.500000
vt 0.421875 1.000000
vt 0.406250 0.937500
vt 0.421875 0.000000
vt 0.375000 0.187500
vt 0.375000 0.125000
vt 0.375000 0.625000
vt 0.375000 0.562500
vt 0.375000 0.062500
vt 0.375000 0.500000
vt 0.390625 1.000000
vt 0.375000 0.937500
vt 0.390625 0.000000
vt 0.375000 0.437500
vt 0.375000 0.875000
vt 0.375000 0.375000
vt 0.375000 0.812500
vt 0.375000 0.312500
vt 0.375000 0.750000
vt 0.375000 0.250000
vt 0.375000 0.687500
vt 0.343750 0.875000
vt 0.343750 0.812500
vt 0.343750 0.375000
vt 0.343750 0.312500
vt 0.343750 0.750000
vt 0.343750 0.250000
vt 0.343750 0.687500
vt 0.343750 0.187500
vt 0.343750 0.625000
vt 0.343750 0.125000
vt 0.343750 0.562500
vt 0.343750 0.062500
vt 0.343750 0.500000
vt 0.359375 1.000000
vt 0.343750 0.937500
vt 0.359375 0.000000
vt 0.343750 0.437500
vt 0.312500 0.625000
vt 0.312500 0.562500
vt 0.312500 0.125000
vt 0.312500 0.062500
vt 0.312500 0.500000
vt 0.328125 1.000000
vt 0.312500 0.937500
vt 0.328125 0.000000
vt 0.312500 0.437500
vt 0.312500 0.875000
vt 0.312500 0.375000
vt 0.312500 0.812500
vt 0.312500 0.312500
vt 0.312500 0.750000
vt 0.312500 0.250000
vt 0.312500 0.687500
vt 0.312500 0.187500
vt 0.281250 0.375000
vt 0.281250 0.312500
vt 0.281250 0.812500
vt 0.281250 0.750000
vt 0.281250 0.250000
vt 0.281250 0.687500
vt 0.281250 0.187500
vt 0.281250 0.625000
vt 0.281250 0.125000
vt 0.281250 0.562500
vt 0.281250 0.062500
vt 0.281250 0.500000
vt 0.296875 1.000000
vt 0.281250 0.937500
vt 0.296875 0.000000
vt 0.281250 0.437500
vt 0.281250 0.875000
vt 0.250000 0.125000
vt 0.250000 0.062500
vt 0.250000 0.562500
vt 0.250000 0.500000
vt 0.265625 1.000000
vt 0.250000 0.937500
vt 0.265625 0.000000
vt 0.250000 0.437500
vt 0.250000 0.875000
vt 0.250000 0.375000
vt 0.250000 0.812500
vt 0.250000 0.312500
vt 0.250000 0.750000
vt 0.250000 0.250000
vt 0.250000 0.687500
vt 0.250000 0.187500
vt 0.250000 0.625000
vt 0.218750 0.812500
vt 0.218750 0.750000
vt 0.218750 0.312500
vt 0.218750 0.250000
vt 0.218750 0.687500
vt 0.218750 0.187500
vt 0.218750 0.625000
vt 0.218750 0.125000
vt 0.218750 0.562500
vt 0.218750 0.062500
vt 0.218750 0.500000
vt 0.234375 1.000000
vt 0.218750 0.937500
vt 0.234375 0.000000
vt 0.218750 0.437500
vt 0.218750 0.875000
vt 0.218750 0.375000
vt 0.187500 0.562500
vt 0.187500 0.500000
vt 0.203125 1.000000
vt 0.187500 0.937500
vt 0.203125 0.000000
vt 0.187500 0.062500
vt 0.187500 0.437500
vt 0.187500 0.875000
vt 0.187500 0.375000
vt 0.187500 0.812500
vt 0.187500 0.312500
vt 0.187500 0.750000
vt 0.187500 0.250000
vt 0.187500 0.687500
vt 0.187500 0.187500
vt 0.187500 0.625000
vt 0.187500 0.125000
vt 0.156250 0.312500
vt 0.156250 0.250000
vt 0.156250 0.750000
vt 0.156250 0.687500
vt 0.156250 0.187500
vt 0.156250 0.625000
vt 0.156250 0.125000
vt 0.156250 0.562500
vt 0.156250 0.062500
vt 0.156250 0.500000
vt 0.171875 1.000000
vt 0.156250 0.937500
vt 0.171875 0.000000
vt 0.156250 0.437500
vt 0.156250 0.875000
vt 0.156250 0.375000
vt 0.156250 0.812500
vt 0.140625 0.000000
vt 0.125000 0.062500
vt 0.125000 0.500000
vt 0.125000 0.437500
vt 0.125000 0.937500
vt 0.125000 0.875000
vt 0.125000 0.375000
vt 0.125000 0.812500
vt 0.125000 0.312500
vt 0.125000 0.750000
vt 0.125000 0.250000
vt 0.125000 0.687500
vt 0.125000 0.187500
vt 0.125000 0.625000
vt 0.125000 0.125000
vt 0.125000 0.562500
vt 0.140625 1.000000
vt 0.093750 0.250000
vt 0.093750 0.187500
vt 0.093750 0.687500
vt 0.093750 0.625000
vt 0.093750 0.125000
vt 0.093750 0.562500
vt 0.093750 0.062500
vt 0.093750 0.500000
vt 0.109375 1.000000
vt 0.093750 0.937500
vt 0.109375 0.000000
vt 0.093750 0.437500
vt 0.093750 0.875000
vt 0.093750 0.375000
vt 0.093750 0.812500
vt 0.093750 0.312500
vt 0.093750 0.750000
vt 0.062500 0.937500
vt 0.062500 0.875000
vt 0.062500 0.437500
vt 0.062500 0.375000
vt 0.062500 0.812500
vt 0.062500 0.312500
vt 0.062500 0.750000
vt 0.062500 0.250000
vt 0.062500 0.687500
vt 0.062500 0.187500
vt 0.062500 0.625000
vt 0.062500 0.125000
vt 0.062500 0.562500
vt 0.062500 0.062500
vt 0.062500 0.500000
vt 0.078125 1.000000
vt 0.078125 0.000000
vt 0.031250 0.687500
vt 0.031250 0.625000
vt 0.031250 0.187500
vt 0.031250 0.125000
vt 0.031250 0.562500
vt 0.031250 0.062500
vt 0.031250 0.500000
vt 0.046875 1.000000
vt 0.031250 0.937500
vt 0.046875 0.000000
vt 0.031250 0.437500
vt 0.031250 0.875000
vt 0.031250 0.375000
vt 0.031250 0.812500
vt 0.031250 0.312500
vt 0.031250 0.750000
vt 0.031250 0.250000
vt 0.000000 0.437500
vt 0.000000 0.375000
vt 0.000000 0.875000
vt 0.000000 0.812500
vt 0.000000 0.312500
vt 0.000000 0.750000
vt 0.000000 0.250000
vt 0.000000 0.687500
vt 0.000000 0.187500
vt 0.000000 0.625000
vt 0.000000 0.125000
vt 0.000000 0.562500
vt 0.000000 0.062500
vt 0.000000 0.500000
vt 0.015625 1.000000
vt 0.000000 0.937500
vt 0.015625 0.000000
vt 1.000000 0.125000
vt 1.000000 0.187500
vt 0.968750 0.187500
vt 0.968750 0.125000
vt 1.000000 0.562500
vt 1.000000 0.625000
vt 0.968750 0.625000
vt 0.968750 0.562500
vt 1.000000 0.062500
vt 0.968750 0.062500
vt 1.000000 0.500000
vt 0.968750 0.500000
vt 1.000000 0.937500
vt 0.984375 1.000000
vt 0.968750 0.937500
vt 0.984375 0.000000
vt 1.000000 0.437500
vt 0.968750 0.437500
vt 1.000000 0.875000
vt 0.968750 0.875000
vt 1.000000 0.375000
vt 0.968750 0.375000
vt 1.000000 0.812500
vt 0.968750 0.812500
vt 1.000000 0.312500
vt 0.968750 0.312500
vt 1.000000 0.750000
vt 0.968750 0.750000
vt 1.000000 0.250000
vt 0.968750 0.250000
vt 1.000000 0.687500
vt 0.968750 0.687500
vt 0.937500 0.875000
vt 0.937500 0.812500
vt 0.937500 0.375000
vt 0.937500 0.312500
vt 0.937500 0.750000
vt 0.937500 0.250000
vt 0.937500 0.687500
vt 0.937500 0.187500
vt 0.937500 0.625000
vt 0.937500 0.125000
vt 0.937500 0.562500
vt 0.937500 0.062500
vt 0.937500 0.500000
vt 0.953125 1.000000
vt 0.937500 0.937500
vt 0.953125 0.000000
vt 0.937500 0.437500
vt 0.906250 0.625000
vt 0.906250 0.562500
vt 0.906250 0.125000
vt 0.906250 0.062500
vt 0.906250 0.500000
vt 0.921875 1.000000
vt 0.906250 0.937500
vt 0.921875 0.000000
vt 0.906250 0.437500
vt 0.906250 0.875000
vt 0.906250 0.375000
vt 0.906250 0.812500
vt 0.906250 0.312500
vt 0.906250 0.750000
vt 0.906250 0.250000
vt 0.906250 0.687500
vt 0.906250 0.187500
vt 0.875000 0.375000
vt 0.875000 0.312500
vt 0.875000 0.812500
vt 0.875000 0.750000
vt 0.875000 0.250000
vt 0.875000 0.687500
vt 0.875000 0.187500
vt 0.875000 0.625000
vt 0.875000 0.125000
vt 0.875000 0.562500
vt 0.875000 0.062500
vt 0.875000 0.500000
vt 0.890625 1.000000
vt 0.875000 0.937500
vt 0.890625 0.000000
vt 0.875000 0.437500
vt 0.875000 0.875000
vt 0.843750 0.125000
vt 0.843750 0.062500
vt 0.843750 0.562500
vt 0.843750 0.500000
vt 0.859375 1.000000
vt 0.843750 0.937500
vt 0.859375 0.000000
vt 0.843750 0.437500
vt 0.843750 0.875000
vt 0.843750 0.375000
vt 0.843750 0.812500
vt 0.843750 0.312500
vt 0.843750 0.750000
vt 0.843750 0.250000
vt 0.843750 0.687500
vt 0.843750 0.187500
vt 0.843750 0.625000
vt 0.812500 0.312500
vt 0.812500 0.250000
vt 0.812500 0.750000
vt 0.812500 0.687500
vt 0.812500 0.187500
vt 0.812500 0.625000
vt 0.812500 0.125000
vt 0.812500 0.562500
vt 0.812500 0.062500
vt 0.812500 0.500000
vt 0.828125 1.000000
vt 0.812500 0.937500
vt 0.828125 0.000000
vt 0.812500 0.437500
vt 0.812500 0.875000
vt 0.812500 0.375000
vt 0.812500 0.812500
vt 0.796875 1.000000
vt 0.781250 0.937500
vt 0.796875 0.000000
vt 0.781250 0.062500
vt 0.781250 0.500000
vt 0.781250 0.437500
vt 0.781250 0.875000
vt 0.781250 0.375000
vt 0.781250 0.812500
vt 0.781250 0.312500
vt 0.781250 0.750000
vt 0.781250 0.250000
vt 0.781250 0.687500
vt 0.781250 0.187500
vt 0.781250 0.625000
vt 0.781250 0.125000
vt 0.781250 0.562500
vt 0.765625 1.000000
vt 0.765625 0.000000
s 1
usemtl Eyes
f 1589/802/1585 1116/803/1112 1127/804/1123 1128/805/1124
f 1112/806/1108 1586/807/1582 1120/808/1116 1121/809/1117
f 1590/810/1586 1589/802/1585 1128/805/1124 1129/811/1125
f 1587/812/1583 1112/806/1108 1121/809/1117 1122/813/1118
f 1591/814/1587 1590/810/1586 1129/811/1125 1130/815/1126
f 1113/816/1109 1587/812/1583 1122/813/1118 1123/817/1119
f 1592/818/1588 1591/814/1587 1130/815/1126 1131/819/1127
f 1114/820/1110 1113/816/1109 1123/817/1119 1124/821/1120
f 1584/822/1580 1192/823/1188 1117/824/1113
f 1418/825/1414 1592/818/1588 1131/819/1127
f 1115/826/1111 1114/820/1110 1124/821/1120 1125/827/1121
f 1585/828/1581 1584/822/1580 1117/824/1113 1118/829/1114
f 1588/830/1584 1115/826/1111 1125/827/1121 1126/831/1122
f 1111/832/1107 1585/828/1581 1118/829/1114 1119/833/1115
f 1116/803/1112 1588/830/1584 1126/831/1122 1127/804/1123
f 1586/807/1582 1111/832/1107 1119/833/1115 1120/808/1116
f 1127/804/1123 1126/831/1122 1141/834/1137 1142/835/1138
f 1120/808/1116 1119/833/1115 1134/836/1130 1135/837/1131
f 1128/805/1124 1127/804/1123 1142/835/1138 1143/838/1139
f 1121/809/1117 1120/808/1116 1135/837/1131 1136/839/1132
f 1129/811/1125 1128/805/1124 1143/838/1139 1144/840/1140
f 1122/813/1118 1121/809/1117 1136/839/1132 1137/841/1133
f 1130/815/1126 1129/811/1125 1144/840/1140 1145/842/1141
f 1123/817/1119 1122/813/1118 1137/841/1133 1138/843/1134
f 1131/819/1127 1130/815/1126 1145/842/1141 1146/844/1142
f 1124/821/1120 1123/817/1119 1138/843/1134 1139/845/1135
f 1117/824/1113 1192/846/1188 1132/847/1128
f 1418/848/1414 1131/819/1127 1146/844/1142
f 1125/827/1121 1124/821/1120 1139/845/1135 1140/849/1136
f 1118/829/1114 1117/824/1113 1132/847/1128 1133/850/1129
f 1126/831/1122 1125/827/1121 1140/849/1136 1141/834/1137
f 1119/833/1115 1118/829/1114 1133/850/1129 1134/836/1130
f 1146/844/1142 1145/842/1141 1160/851/1156 1161/852/1157
f 1139/845/1135 1138/843/1134 1153/853/1149 1154/854/1150
f 1132/847/1128 1192/855/1188 1147/856/1143
f 1418/857/1414 1146/844/1142 1161/852/1157
f 1140/849/1136 1139/845/1135 1154/854/1150 1155/858/1151
f 1133/850/1129 1132/847/1128 1147/856/1143 1148/859/1144
f 1141/834/1137 1140/849/1136 1155/858/1151 1156/860/1152
f 1134/836/1130 1133/850/1129 1148/859/1144 1149/861/1145
f 1142/835/1138 1141/834/1137 1156/860/1152 1157/862/1153
f 1135/837/1131 1134/836/1130 1149/861/1145 1150/863/1146
f 1143/838/1139 1142/835/1138 1157/862/1153 1158/864/1154
f 1136/839/1132 1135/837/1131 1150/863/1146 1151/865/1147
f 1144/840/1140 1143/838/1139 1158/864/1154 1159/866/1155
f 1137/841/1133 1136/839/1132 1151/865/1147 1152/867/1148
f 1145/842/1141 1144/840/1140 1159/866/1155 1160/851/1156
f 1138/843/1134 1137/841/1133 1152/867/1148 1153/853/1149
f 1150/863/1146 1149/861/1145 1164/868/1160 1165/869/1161
f 1158/864/1154 1157/862/1153 1172/870/1168 1173/871/1169
f 1151/865/1147 1150/863/1146 1165/869/1161 1166/872/1162
f 1159/866/1155 1158/864/1154 1173/871/1169 1174/873/1170
f 1152/867/1148 1151/865/1147 1166/872/1162 1167/874/1163
f 1160/851/1156 1159/866/1155 1174/873/1170 1175/875/1171
f 1153/853/1149 1152/867/1148 1167/874/1163 1168/876/1164
f 1161/852/1157 1160/851/1156 1175/875/1171 1176/877/1172
f 1154/854/1150 1153/853/1149 1168/876/1164 1169/878/1165
f 1147/856/1143 1192/879/1188 1162/880/1158
f 1418/881/1414 1161/852/1157 1176/877/1172
f 1155/858/1151 1154/854/1150 1169/878/1165 1170/882/1166
f 1148/859/1144 1147/856/1143 1162/880/1158 1163/883/1159
f 1156/860/1152 1155/858/1151 1170/882/1166 1171/884/1167
f 1149/861/1145 1148/859/1144 1163/883/1159 1164/868/1160
f 1157/862/1153 1156/860/1152 1171/884/1167 1172/870/1168
f 1169/878/1165 1168/876/1164 1183/885/1179 1184/886/1180
f 1162/880/1158 1192/887/1188 1177/888/1173
f 1418/889/1414 1176/877/1172 1191/890/1187
f 1170/882/1166 1169/878/1165 1184/886/1180 1185/891/1181
f 1163/883/1159 1162/880/1158 1177/888/1173 1178/892/1174
f 1171/884/1167 1170/882/1166 1185/891/1181 1186/893/1182
f 1164/868/1160 1163/883/1159 1178/892/1174 1179/894/1175
f 1172/870/1168 1171/884/1167 1186/893/1182 1187/895/1183
f 1165/869/1161 1164/868/1160 1179/894/1175 1180/896/1176
f 1173/871/1169 1172/870/1168 1187/895/1183 1188/897/1184
f 1166/872/1162 1165/869/1161 1180/896/1176 1181/898/1177
f 1174/873/1170 1173/871/1169 1188/897/1184 1189/899/1185
f 1167/874/1163 1166/872/1162 1181/898/1177 1182/900/1178
f 1175/875/1171 1174/873/1170 1189/899/1185 1190/901/1186
f 1168/876/1164 1167/874/1163 1182/900/1178 1183/885/1179
f 1176/877/1172 1175/875/1171 1190/901/1186 1191/890/1187
f 1188/897/1184 1187/895/1183 1203/902/1199 1204/903/1200
f 1181/898/1177 1180/896/1176 1196/904/1192 1197/905/1193
f 1189/899/1185 1188/897/1184 1204/903/1200 1205/906/1201
f 1182/900/1178 1181/898/1177 1197/905/1193 1198/907/1194
f 1190/901/1186 1189/899/1185 1205/906/1201 1206/908/1202
f 1183/885/1179 1182/900/1178 1198/907/1194 1199/909/1195
f 1191/890/1187 1190/901/1186 1206/908/1202 1207/910/1203
f 1184/886/1180 1183/885/1179 1199/909/1195 1200/911/1196
f 1177/888/1173 1192/912/1188 1193/913/1189
f 1418/914/1414 1191/890/1187 1207/910/1203
f 1185/891/1181 1184/886/1180 1200/911/1196 1201/915/1197
f 1178/892/1174 1177/888/1173 1193/913/1189 1194/916/1190
f 1186/893/1182 1185/891/1181 1201/915/1197 1202/917/1198
f 1179/894/1175 1178/892/1174 1194/916/1190 1195/918/1191
f 1187/895/1183 1186/893/1182 1202/917/1198 1203/902/1199
f 1180/896/1176 1179/894/1175 1195/918/1191 1196/904/1192
f 1193/913/1189 1192/919/1188 1208/920/1204
f 1418/921/1414 1207/910/1203 1222/922/1218
f 1201/915/1197 1200/911/1196 1215/923/1211 1216/924/1212
f 1194/916/1190 1193/913/1189 1208/920/1204 1209/925/1205
f 1202/917/1198 1201/915/1197 1216/924/1212 1217/926/1213
f 1195/918/1191 1194/916/1190 1209/925/1205 1210/927/1206
f 1203/902/1199 1202/917/1198 1217/926/1213 1218/928/1214
f 1196/904/1192 1195/918/1191 1210/927/1206 1211/929/1207
f 1204/903/1200 1203/902/1199 1218/928/1214 1219/930/1215
f 1197/905/1193 1196/904/1192 1211/929/1207 1212/931/1208
f 1205/906/1201 1204/903/1200 1219/930/1215 1220/932/1216
f 1198/907/1194 1197/905/1193 1212/931/1208 1213/933/1209
f 1206/908/1202 1205/906/1201 1220/932/1216 1221/934/1217
f 1199/909/1195 1198/907/1194 1213/933/1209 1214/935/1210
f 1207/910/1203 1206/908/1202 1221/934/1217 1222/922/1218
f 1200/911/1196 1199/909/1195 1214/935/1210 1215/923/1211
f 1212/931/1208 1211/929/1207 1226/936/1222 1227/937/1223
f 1220/932/1216 1219/930/1215 1234/938/1230 1235/939/1231
f 1213/933/1209 1212/931/1208 1227/937/1223 1228/940/1224
f 1221/934/1217 1220/932/1216 1235/939/1231 1236/941/1232
f 1214/935/1210 1213/933/1209 1228/940/1224 1229/942/1225
f 1222/922/1218 1221/934/1217 1236/941/1232 1237/943/1233
f 1215/923/1211 1214/935/1210 1229/942/1225 1230/944/1226
f 1208/920/1204 1192/945/1188 1223/946/1219
f 1418/947/1414 1222/922/1218 1237/943/1233
f 1216/924/1212 1215/923/1211 1230/944/1226 1231/948/1227
f 1209/925/1205 1208/920/1204 1223/946/1219 1224/949/1220
f 1217/926/1213 1216/924/1212 1231/948/1227 1232/950/1228
f 1210/927/1206 1209/925/1205 1224/949/1220 1225/951/1221
f 1218/928/1214 1217/926/1213 1232/950/1228 1233/952/1229
f 1211/929/1207 1210/927/1206 1225/951/1221 1226/936/1222
f 1219/930/1215 1218/928/1214 1233/952/1229 1234/938/1230
f 1231/948/1227 1230/944/1226 1245/953/1241 1246/954/1242
f 1224/949/1220 1223/946/1219 1238/955/1234 1239/956/1235
f 1232/950/1228 1231/948/1227 1246/954/1242 1247/957/1243
f 1225/951/1221 1224/949/1220 1239/956/1235 1240/958/1236
f 1233/952/1229 1232/950/1228 1247/957/1243 1248/959/1244
f 1226/936/1222 1225/951/1221 1240/958/1236 1241/960/1237
f 1234/938/1230 1233/952/1229 1248/959/1244 1249/961/1245
f 1227/937/1223 1226/936/1222 1241/960/1237 1242/962/1238
f 1235/939/1231 1234/938/1230 1249/961/1245 1250/963/1246
f 1228/940/1224 1227/937/1223 1242/962/1238 1243/964/1239
f 1236/941/1232 1235/939/1231 1250/963/1246 1251/965/1247
f 1229/942/1225 1228/940/1224 1243/964/1239 1244/966/1240
f 1237/943/1233 1236/941/1232 1251/965/1247 1252/967/1248
f 1230/944/1226 1229/942/1225 1244/966/1240 1245/953/1241
f 1223/946/1219 1192/968/1188 1238/955/1234
f 1418/969/1414 1237/943/1233 1252/967/1248
f 1250/963/1246 1249/961/1245 1264/970/1260 1265/971/1261
f 1243/964/1239 1242/962/1238 1257/972/1253 1258/973/1254
f 1251/965/1247 1250/963/1246 1265/971/1261 1266/974/1262
f 1244/966/1240 1243/964/1239 1258/973/1254 1259/975/1255
f 1252/967/1248 1251/965/1247 1266/974/1262 1267/976/1263
f 1245/953/1241 1244/966/1240 1259/975/1255 1260/977/1256
f 1238/955/1234 1192/978/1188 1253/979/1249
f 1418/980/1414 1252/967/1248 1267/976/1263
f 1246/954/1242 1245/953/1241 1260/977/1256 1261/981/1257
f 1239/956/1235 1238/955/1234 1253/979/1249 1254/982/1250
f 1247/957/1243 1246/954/1242 1261/981/1257 1262/983/1258
f 1240/958/1236 1239/956/1235 1254/982/1250 1255/984/1251
f 1248/959/1244 1247/957/1243 1262/983/1258 1263/985/1259
f 1241/960/1237 1240/958/1236 1255/984/1251 1256/986/1252
f 1249/961/1245 1248/959/1244 1263/985/1259 1264/970/1260
f 1242/962/1238 1241/960/1237 1256/986/1252 1257/972/1253
f 1262/983/1258 1261/981/1257 1276/987/1272 1277/988/1273
f 1255/984/1251 1254/982/1250 1269/989/1265 1270/990/1266
f 1263/985/1259 1262/983/1258 1277/988/1273 1278/991/1274
f 1256/986/1252 1255/984/1251 1270/990/1266 1271/992/1267
f 1264/970/1260 1263/985/1259 1278/991/1274 1279/993/1275
f 1257/972/1253 1256/986/1252 1271/992/1267 1272/994/1268
f 1265/971/1261 1264/970/1260 1279/993/1275 1280/995/1276
f 1258/973/1254 1257/972/1253 1272/994/1268 1273/996/1269
f 1266/974/1262 1265/971/1261 1280/995/1276 1281/997/1277
f 1259/975/1255 1258/973/1254 1273/996/1269 1274/998/1270
f 1267/976/1263 1266/974/1262 1281/997/1277 1282/999/1278
f 1260/977/1256 1259/975/1255 1274/998/1270 1275/1000/1271
f 1253/979/1249 1192/1001/1188 1268/1002/1264
f 1418/1003/1414 1267/976/1263 1282/999/1278
f 1261/981/1257 1260/977/1256 1275/1000/1271 1276/987/1272
f 1254/982/1250 1253/979/1249 1268/1002/1264 1269/989/1265
f 1281/997/1277 1280/995/1276 1295/1004/1291 1296/1005/1292
f 1274/998/1270 1273/996/1269 1288/1006/1284 1289/1007/1285
f 1282/999/1278 1281/997/1277 1296/1005/1292 1297/1008/1293
f 1275/1000/1271 1274/998/1270 1289/1007/1285 1290/1009/1286
f 1268/1002/1264 1192/1010/1188 1283/1011/1279
f 1418/1012/1414 1282/999/1278 1297/1008/1293
f 1276/987/1272 1275/1000/1271 1290/1009/1286 1291/1013/1287
f 1269/989/1265 1268/1002/1264 1283/1011/1279 1284/1014/1280
f 1277/988/1273 1276/987/1272 1291/1013/1287 1292/1015/1288
f 1270/990/1266 1269/989/1265 1284/1014/1280 1285/1016/1281
f 1278/991/1274 1277/988/1273 1292/1015/1288 1293/1017/1289
f 1271/992/1267 1270/990/1266 1285/1016/1281 1286/1018/1282
f 1279/993/1275 1278/991/1274 1293/1017/1289 1294/1019/1290
f 1272/994/1268 1271/992/1267 1286/1018/1282 1287/1020/1283
f 1280/995/1276 1279/993/1275 1294/1019/1290 1295/1004/1291
f 1273/996/1269 1272/994/1268 1287/1020/1283 1288/1006/1284
f 1285/1016/1281 1284/1014/1280 1299/1021/1295 1300/1022/1296
f 1293/1017/1289 1292/1015/1288 1307/1023/1303 1308/1024/1304
f 1286/1018/1282 1285/1016/1281 1300/1022/1296 1301/1025/1297
f 1294/1019/1290 1293/1017/1289 1308/1024/1304 1309/1026/1305
f 1287/1020/1283 1286/1018/1282 1301/1025/1297 1302/1027/1298
f 1295/1004/1291 1294/1019/1290 1309/1026/1305 1310/1028/1306
f 1288/1006/1284 1287/1020/1283 1302/1027/1298 1303/1029/1299
f 1296/1005/1292 1295/1004/1291 1310/1028/1306 1311/1030/1307
f 1289/1007/1285 1288/1006/1284 1303/1029/1299 1304/1031/1300
f 1297/1008/1293 1296/1005/1292 1311/1030/1307 1312/1032/1308
f 1290/1009/1286 1289/1007/1285 1304/1031/1300 1305/1033/1301
f 1283/1011/1279 1192/1034/1188 1298/1035/1294
f 1418/1036/1414 1297/1008/1293 1312/1032/1308
f 1291/1013/1287 1290/1009/1286 1305/1033/1301 1306/1037/1302
f 1284/1014/1280 1283/1011/1279 1298/1035/1294 1299/1021/1295
f 1292/1015/1288 1291/1013/1287 1306/1037/1302 1307/1023/1303
f 1304/1031/1300 1303/1029/1299 1318/1038/1314 1319/1039/1315
f 1312/1032/1308 1311/1030/1307 1326/1040/1322 1327/1041/1323
f 1305/1033/1301 1304/1031/1300 1319/1039/1315 1320/1042/1316
f 1298/1035/1294 1192/1043/1188 1313/1044/1309
f 1418/1045/1414 1312/1032/1308 1327/1041/1323
f 1306/1037/1302 1305/1033/1301 1320/1042/1316 1321/1046/1317
f 1299/1021/1295 1298/1035/1294 1313/1044/1309 1314/1047/1310
f 1307/1023/1303 1306/1037/1302 1321/1046/1317 1322/1048/1318
f 1300/1022/1296 1299/1021/1295 1314/1047/1310 1315/1049/1311
f 1308/1024/1304 1307/1023/1303 1322/1048/1318 1323/1050/1319
f 1301/1025/1297 1300/1022/1296 1315/1049/1311 1316/1051/1312
f 1309/1026/1305 1308/1024/1304 1323/1050/1319 1324/1052/1320
f 1302/1027/1298 1301/1025/1297 1316/1051/1312 1317/1053/1313
f 1310/1028/1306 1309/1026/1305 1324/1052/1320 1325/1054/1321
f 1303/1029/1299 1302/1027/1298 1317/1053/1313 1318/1038/1314
f 1311/1030/1307 1310/1028/1306 1325/1054/1321 1326/1040/1322
f 1323/1050/1319 1322/1048/1318 1337/1055/1333 1338/1056/1334
f 1316/1051/1312 1315/1049/1311 1330/1057/1326 1331/1058/1327
f 1324/1052/1320 1323/1050/1319 1338/1056/1334 1339/1059/1335
f 1317/1053/1313 1316/1051/1312 1331/1058/1327 1332/1060/1328
f 1325/1054/1321 1324/1052/1320 1339/1059/1335 1340/1061/1336
f 1318/1038/1314 1317/1053/1313 1332/1060/1328 1333/1062/1329
f 1326/1040/1322 1325/1054/1321 1340/1061/1336 1341/1063/1337
f 1319/1039/1315 1318/1038/1314 1333/1062/1329 1334/1064/1330
f 1327/1041/1323 1326/1040/1322 1341/1063/1337 1342/1065/1338
f 1320/1042/1316 1319/1039/1315 1334/1064/1330 1335/1066/1331
f 1313/1044/1309 1192/1067/1188 1328/1068/1324
f 1418/1069/1414 1327/1041/1323 1342/1065/1338
f 1321/1046/1317 1320/1042/1316 1335/1066/1331 1336/1070/1332
f 1314/1047/1310 1313/1044/1309 1328/1068/1324 1329/1071/1325
f 1322/1048/1318 1321/1046/1317 1336/1070/1332 1337/1055/1333
f 1315/1049/1311 1314/1047/1310 1329/1071/1325 1330/1057/1326
f 1342/1065/1338 1341/1063/1337 1356/1072/1352 1357/1073/1353
f 1335/1066/1331 1334/1064/1330 1349/1074/1345 1350/1075/1346
f 1328/1068/1324 1192/1076/1188 1343/1077/1339
f 1418/1078/1414 1342/1065/1338 1357/1073/1353
f 1336/1070/1332 1335/1066/1331 1350/1075/1346 1351/1079/1347
f 1329/1071/1325 1328/1068/1324 1343/1077/1339 1344/1080/1340
f 1337/1055/1333 1336/1070/1332 1351/1079/1347 1352/1081/1348
f 1330/1057/1326 1329/1071/1325 1344/1080/1340 1345/1082/1341
f 1338/1056/1334 1337/1055/1333 1352/1081/1348 1353/1083/1349
f 1331/1058/1327 1330/1057/1326 1345/1082/1341 1346/1084/1342
f 1339/1059/1335 1338/1056/1334 1353/1083/1349 1354/1085/1350
f 1332/1060/1328 1331/1058/1327 1346/1084/1342 1347/1086/1343
f 1340/1061/1336 1339/1059/1335 1354/1085/1350 1355/1087/1351
f 1333/1062/1329 1332/1060/1328 1347/1086/1343 1348/1088/1344
f 1341/1063/1337 1340/1061/1336 1355/1087/1351 1356/1072/1352
f 1334/1064/1330 1333/1062/1329 1348/1088/1344 1349/1074/1345
f 1346/1084/1342 1345/1082/1341 1360/1089/1356 1361/1090/1357
f 1354/1085/1350 1353/1083/1349 1368/1091/1364 1369/1092/1365
f 1347/1086/1343 1346/1084/1342 1361/1090/1357 1362/1093/1358
f 1355/1087/1351 1354/1085/1350 1369/1092/1365 1370/1094/1366
f 1348/1088/1344 1347/1086/1343 1362/1093/1358 1363/1095/1359
f 1356/1072/1352 1355/1087/1351 1370/1094/1366 1371/1096/1367
f 1349/1074/1345 1348/1088/1344 1363/1095/1359 1364/1097/1360
f 1357/1073/1353 1356/1072/1352 1371/1096/1367 1372/1098/1368
f 1350/1075/1346 1349/1074/1345 1364/1097/1360 1365/1099/1361
f 1343/1077/1339 1192/1100/1188 1358/1101/1354
f 1418/1102/1414 1357/1073/1353 1372/1098/1368
f 1351/1079/1347 1350/1075/1346 1365/1099/1361 1366/1103/1362
f 1344/1080/1340 1343/1077/1339 1358/1101/1354 1359/1104/1355
f 1352/1081/1348 1351/1079/1347 1366/1103/1362 1367/1105/1363
f 1345/1082/1341 1344/1080/1340 1359/1104/1355 1360/1089/1356
f 1353/1083/1349 1352/1081/1348 1367/1105/1363 1368/1091/1364
f 1365/1099/1361 1364/1097/1360 1379/1106/1375 1380/1107/1376
f 1358/1101/1354 1192/1108/1188 1373/1109/1369
f 1418/1110/1414 1372/1098/1368 1387/1111/1383
f 1366/1103/1362 1365/1099/1361 1380/1107/1376 1381/1112/1377
f 1359/1104/1355 1358/1101/1354 1373/1109/1369 1374/1113/1370
f 1367/1105/1363 1366/1103/1362 1381/1112/1377 1382/1114/1378
f 1360/1089/1356 1359/1104/1355 1374/1113/1370 1375/1115/1371
f 1368/1091/1364 1367/1105/1363 1382/1114/1378 1383/1116/1379
f 1361/1090/1357 1360/1089/1356 1375/1115/1371 1376/1117/1372
f 1369/1092/1365 1368/1091/1364 1383/1116/1379 1384/1118/1380
f 1362/1093/1358 1361/1090/1357 1376/1117/1372 1377/1119/1373
f 1370/1094/1366 1369/1092/1365 1384/1118/1380 1385/1120/1381
f 1363/1095/1359 1362/1093/1358 1377/1119/1373 1378/1121/1374
f 1371/1096/1367 1370/1094/1366 1385/1120/1381 1386/1122/1382
f 1364/1097/1360 1363/1095/1359 1378/1121/1374 1379/1106/1375
f 1372/1098/1368 1371/1096/1367 1386/1122/1382 1387/1111/1383
f 1384/1118/1380 1383/1116/1379 1398/1123/1394 1399/1124/1395
f 1377/1119/1373 1376/1117/1372 1391/1125/1387 1392/1126/1388
f 1385/1120/1381 1384/1118/1380 1399/1124/1395 1400/1127/1396
f 1378/1121/1374 1377/1119/1373 1392/1126/1388 1393/1128/1389
f 1386/1122/1382 1385/1120/1381 1400/1127/1396 1401/1129/1397
f 1379/1106/1375 1378/1121/1374 1393/1128/1389 1394/1130/1390
f 1387/1111/1383 1386/1122/1382 1401/1129/1397 1402/1131/1398
f 1380/1107/1376 1379/1106/1375 1394/1130/1390 1395/1132/1391
f 1373/1109/1369 1192/1133/1188 1388/1134/1384
f 1418/1135/1414 1387/1111/1383 1402/1131/1398
f 1381/1112/1377 1380/1107/1376 1395/1132/1391 1396/1136/1392
f 1374/1113/1370 1373/1109/1369 1388/1134/1384 1389/1137/1385
f 1382/1114/1378 1381/1112/1377 1396/1136/1392 1397/1138/1393
f 1375/1115/1371 1374/1113/1370 1389/1137/1385 1390/1139/1386
f 1383/1116/1379 1382/1114/1378 1397/1138/1393 1398/1123/1394
f 1376/1117/1372 1375/1115/1371 1390/1139/1386 1391/1125/1387
f 1418/1140/1414 1402/1131/1398 1417/1141/1413
f 1396/1136/1392 1395/1132/1391 1410/1142/1406 1411/1143/1407
f 1389/1137/1385 1388/1134/1384 1403/1144/1399 1404/1145/1400
f 1397/1138/1393 1396/1136/1392 1411/1143/1407 1412/1146/1408
f 1390/1139/1386 1389/1137/1385 1404/1145/1400 1405/1147/1401
f 1398/1123/1394 1397/1138/1393 1412/1146/1408 1413/1148/1409
f 1391/1125/1387 1390/1139/1386 1405/1147/1401 1406/1149/1402
f 1399/1124/1395 1398/1123/1394 1413/1148/1409 1414/1150/1410
f 1392/1126/1388 1391/1125/1387 1406/1149/1402 1407/1151/1403
f 1400/1127/1396 1399/1124/1395 1414/1150/1410 1415/1152/1411
f 1393/1128/1389 1392/1126/1388 1407/1151/1403 1408/1153/1404
f 1401/1129/1397 1400/1127/1396 1415/1152/1411 1416/1154/1412
f 1394/1130/1390 1393/1128/1389 1408/1153/1404 1409/1155/1405
f 1402/1131/1398 1401/1129/1397 1416/1154/1412 1417/1141/1413
f 1395/1132/1391 1394/1130/1390 1409/1155/1405 1410/1142/1406
f 1388/1134/1384 1192/1156/1188 1403/1144/1399
f 1415/1152/1411 1414/1150/1410 1430/1157/1426 1431/1158/1427
f 1408/1153/1404 1407/1151/1403 1423/1159/1419 1424/1160/1420
f 1416/1154/1412 1415/1152/1411 1431/1158/1427 1432/1161/1428
f 1409/1155/1405 1408/1153/1404 1424/1160/1420 1425/1162/1421
f 1417/1141/1413 1416/1154/1412 1432/1161/1428 1433/1163/1429
f 1410/1142/1406 1409/1155/1405 1425/1162/1421 1426/1164/1422
f 1403/1144/1399 1192/1165/1188 1419/1166/1415
f 1418/1167/1414 1417/1141/1413 1433/1163/1429
f 1411/1143/1407 1410/1142/1406 1426/1164/1422 1427/1168/1423
f 1404/1145/1400 1403/1144/1399 1419/1166/1415 1420/1169/1416
f 1412/1146/1408 1411/1143/1407 1427/1168/1423 1428/1170/1424
f 1405/1147/1401 1404/1145/1400 1420/1169/1416 1421/1171/1417
f 1413/1148/1409 1412/1146/1408 1428/1170/1424 1429/1172/1425
f 1406/1149/1402 1405/1147/1401 1421/1171/1417 1422/1173/1418
f 1414/1150/1410 1413/1148/1409 1429/1172/1425 1430/1157/1426
f 1407/1151/1403 1406/1149/1402 1422/1173/1418 1423/1159/1419
f 1420/1169/1416 1419/1166/1415 1434/1174/1430 1435/1175/1431
f 1428/1170/1424 1427/1168/1423 1442/1176/1438 1443/1177/1439
f 1421/1171/1417 1420/1169/1416 1435/1175/1431 1436/1178/1432
f 1429/1172/1425 1428/1170/1424 1443/1177/1439 1444/1179/1440
f 1422/1173/1418 1421/1171/1417 1436/1178/1432 1437/1180/1433
f 1430/1157/1426 1429/1172/1425 1444/1179/1440 1445/1181/1441
f 1423/1159/1419 1422/1173/1418 1437/1180/1433 1438/1182/1434
f 1431/1158/1427 1430/1157/1426 1445/1181/1441 1446/1183/1442
f 1424/1160/1420 1423/1159/1419 1438/1182/1434 1439/1184/1435
f 1432/1161/1428 1431/1158/1427 1446/1183/1442 1447/1185/1443
f 1425/1162/1421 1424/1160/1420 1439/1184/1435 1440/1186/1436
f 1433/1163/1429 1432/1161/1428 1447/1185/1443 1448/1187/1444
f 1426/1164/1422 1425/1162/1421 1440/1186/1436 1441/1188/1437
f 1419/1166/1415 1192/1189/1188 1434/1174/1430
f 1418/1190/1414 1433/1163/1429 1448/1187/1444
f 1427/1168/1423 1426/1164/1422 1441/1188/1437 1442/1176/1438
f 1439/1184/1435 1438/1182/1434 1453/1191/1449 1454/1192/1450
f 1447/1185/1443 1446/1183/1442 1461/1193/1457 1462/1194/1458
f 1440/1186/1436 1439/1184/1435 1454/1192/1450 1455/1195/1451
f 1448/1187/1444 1447/1185/1443 1462/1194/1458 1463/1196/1459
f 1441/1188/1437 1440/1186/1436 1455/1195/1451 1456/1197/1452
f 1434/1174/1430 1192/1198/1188 1449/1199/1445
f 1418/1200/1414 1448/1187/1444 1463/1196/1459
f 1442/1176/1438 1441/1188/1437 1456/1197/1452 1457/1201/1453
f 1435/1175/1431 1434/1174/1430 1449/1199/1445 1450/1202/1446
f 1443/1177/1439 1442/1176/1438 1457/1201/1453 1458/1203/1454
f 1436/1178/1432 1435/1175/1431 1450/1202/1446 1451/1204/1447
f 1444/1179/1440 1443/1177/1439 1458/1203/1454 1459/1205/1455
f 1437/1180/1433 1436/1178/1432 1451/1204/1447 1452/1206/1448
f 1445/1181/1441 1444/1179/1440 1459/1205/1455 1460/1207/1456
f 1438/1182/1434 1437/1180/1433 1452/1206/1448 1453/1191/1449
f 1446/1183/1442 1445/1181/1441 1460/1207/1456 1461/1193/1457
f 1458/1203/1454 1457/1201/1453 1472/1208/1468 1473/1209/1469
f 1451/1204/1447 1450/1202/1446 1465/1210/1461 1466/1211/1462
f 1459/1205/1455 1458/1203/1454 1473/1209/1469 1474/1212/1470
f 1452/1206/1448 1451/1204/1447 1466/1211/1462 1467/1213/1463
f 1460/1207/1456 1459/1205/1455 1474/1212/1470 1475/1214/1471
f 1453/1191/1449 1452/1206/1448 1467/1213/1463 1468/1215/1464
f 1461/1193/1457 1460/1207/1456 1475/1214/1471 1476/1216/1472
f 1454/1192/1450 1453/1191/1449 1468/1215/1464 1469/1217/1465
f 1462/1194/1458 1461/1193/1457 1476/1216/1472 1477/1218/1473
f 1455/1195/1451 1454/1192/1450 1469/1217/1465 1470/1219/1466
f 1463/1196/1459 1462/1194/1458 1477/1218/1473 1478/1220/1474
f 1456/1197/1452 1455/1195/1451 1470/1219/1466 1471/1221/1467
f 1449/1199/1445 1192/1222/1188 1464/1223/1460
f 1418/1224/1414 1463/1196/1459 1478/1220/1474
f 1457/1201/1453 1456/1197/1452 1471/1221/1467 1472/1208/1468
f 1450/1202/1446 1449/1199/1445 1464/1223/1460 1465/1210/1461
f 1477/1225/1473 1476/1226/1472 1491/1227/1487 1492/1228/1488
f 1470/1229/1466 1469/1230/1465 1484/1231/1480 1485/1232/1481
f 1478/1233/1474 1477/1225/1473 1492/1228/1488 1493/1234/1489
f 1471/1235/1467 1470/1229/1466 1485/1232/1481 1486/1236/1482
f 1464/1237/1460 1192/1238/1188 1479/1239/1475
f 1418/1240/1414 1478/1233/1474 1493/1234/1489
f 1472/1241/1468 1471/1235/1467 1486/1236/1482 1487/1242/1483
f 1465/1243/1461 1464/1237/1460 1479/1239/1475 1480/1244/1476
f 1473/1245/1469 1472/1241/1468 1487/1242/1483 1488/1246/1484
f 1466/1247/1462 1465/1243/1461 1480/1244/1476 1481/1248/1477
f 1474/1249/1470 1473/1245/1469 1488/1246/1484 1489/1250/1485
f 1467/1251/1463 1466/1247/1462 1481/1248/1477 1482/1252/1478
f 1475/1253/1471 1474/1249/1470 1489/1250/1485 1490/1254/1486
f 1468/1255/1464 1467/1251/1463 1482/1252/1478 1483/1256/1479
f 1476/1226/1472 1475/1253/1471 1490/1254/1486 1491/1227/1487
f 1469/1230/1465 1468/1255/1464 1483/1256/1479 1484/1231/1480
f 1481/1248/1477 1480/1244/1476 1495/1257/1491 1496/1258/1492
f 1489/1250/1485 1488/1246/1484 1503/1259/1499 1504/1260/1500
f 1482/1252/1478 1481/1248/1477 1496/1258/1492 1497/1261/1493
f 1490/1254/1486 1489/1250/1485 1504/1260/1500 1505/1262/1501
f 1483/1256/1479 1482/1252/1478 1497/1261/1493 1498/1263/1494
f 1491/1227/1487 1490/1254/1486 1505/1262/1501 1506/1264/1502
f 1484/1231/1480 1483/1256/1479 1498/1263/1494 1499/1265/1495
f 1492/1228/1488 1491/1227/1487 1506/1264/1502 1507/1266/1503
f 1485/1232/1481 1484/1231/1480 1499/1265/1495 1500/1267/1496
f 1493/1234/1489 1492/1228/1488 1507/1266/1503 1508/1268/1504
f 1486/1236/1482 1485/1232/1481 1500/1267/1496 1501/1269/1497
f 1479/1239/1475 1192/1270/1188 1494/1271/1490
f 1418/1272/1414 1493/1234/1489 1508/1268/1504
f 1487/1242/1483 1486/1236/1482 1501/1269/1497 1502/1273/1498
f 1480/1244/1476 1479/1239/1475 1494/1271/1490 1495/1257/1491
f 1488/1246/1484 1487/1242/1483 1502/1273/1498 1503/1259/1499
f 1500/1267/1496 1499/1265/1495 1514/1274/1510 1515/1275/1511
f 1508/1268/1504 1507/1266/1503 1522/1276/1518 1523/1277/1519
f 1501/1269/1497 1500/1267/1496 1515/1275/1511 1516/1278/1512
f 1494/1271/1490 1192/1279/1188 1509/1280/1505
f 1418/1281/1414 1508/1268/1504 1523/1277/1519
f 1502/1273/1498 1501/1269/1497 1516/1278/1512 1517/1282/1513
f 1495/1257/1491 1494/1271/1490 1509/1280/1505 1510/1283/1506
f 1503/1259/1499 1502/1273/1498 1517/1282/1513 1518/1284/1514
f 1496/1258/1492 1495/1257/1491 1510/1283/1506 1511/1285/1507
f 1504/1260/1500 1503/1259/1499 1518/1284/1514 1519/1286/1515
f 1497/1261/1493 1496/1258/1492 1511/1285/1507 1512/1287/1508
f 1505/1262/1501 1504/1260/1500 1519/1286/1515 1520/1288/1516
f 1498/1263/1494 1497/1261/1493 1512/1287/1508 1513/1289/1509
f 1506/1264/1502 1505/1262/1501 1520/1288/1516 1521/1290/1517
f 1499/1265/1495 1498/1263/1494 1513/1289/1509 1514/1274/1510
f 1507/1266/1503 1506/1264/1502 1521/1290/1517 1522/1276/1518
f 1519/1286/1515 1518/1284/1514 1533/1291/1529 1534/1292/1530
f 1512/1287/1508 1511/1285/1507 1526/1293/1522 1527/1294/1523
f 1520/1288/1516 1519/1286/1515 1534/1292/1530 1535/1295/1531
f 1513/1289/1509 1512/1287/1508 1527/1294/1523 1528/1296/1524
f 1521/1290/1517 1520/1288/1516 1535/1295/1531 1536/1297/1532
f 1514/1274/1510 1513/1289/1509 1528/1296/1524 1529/1298/1525
f 1522/1276/1518 1521/1290/1517 1536/1297/1532 1537/1299/1533
f 1515/1275/1511 1514/1274/1510 1529/1298/1525 1530/1300/1526
f 1523/1277/1519 1522/1276/1518 1537/1299/1533 1538/1301/1534
f 1516/1278/1512 1515/1275/1511 1530/1300/1526 1531/1302/1527
f 1509/1280/1505 1192/1303/1188 1524/1304/1520
f 1418/1305/1414 1523/1277/1519 1538/1301/1534
f 1517/1282/1513 1516/1278/1512 1531/1302/1527 1532/1306/1528
f 1510/1283/1506 1509/1280/1505 1524/1304/1520 1525/1307/1521
f 1518/1284/1514 1517/1282/1513 1532/1306/1528 1533/1291/1529
f 1511/1285/1507 1510/1283/1506 1525/1307/1521 1526/1293/1522
f 1538/1301/1534 1537/1299/1533 1552/1308/1548 1553/1309/1549
f 1531/1302/1527 1530/1300/1526 1545/1310/1541 1546/1311/1542
f 1524/1304/1520 1192/1312/1188 1539/1313/1535
f 1418/1314/1414 1538/1301/1534 1553/1309/1549
f 1532/1306/1528 1531/1302/1527 1546/1311/1542 1547/1315/1543
f 1525/1307/1521 1524/1304/1520 1539/1313/1535 1540/1316/1536
f 1533/1291/1529 1532/1306/1528 1547/1315/1543 1548/1317/1544
f 1526/1293/1522 1525/1307/1521 1540/1316/1536 1541/1318/1537
f 1534/1292/1530 1533/1291/1529 1548/1317/1544 1549/1319/1545
f 1527/1294/1523 1526/1293/1522 1541/1318/1537 1542/1320/1538
f 1535/1295/1531 1534/1292/1530 1549/1319/1545 1550/1321/1546
f 1528/1296/1524 1527/1294/1523 1542/1320/1538 1543/1322/1539
f 1536/1297/1532 1535/1295/1531 1550/1321/1546 1551/1323/1547
f 1529/1298/1525 1528/1296/1524 1543/1322/1539 1544/1324/1540
f 1537/1299/1533 1536/1297/1532 1551/1323/1547 1552/1308/1548
f 1530/1300/1526 1529/1298/1525 1544/1324/1540 1545/1310/1541
f 1550/1321/1546 1549/1319/1545 1564/1325/1560 1565/1326/1561
f 1543/1322/1539 1542/1320/1538 1557/1327/1553 1558/1328/1554
f 1551/1323/1547 1550/1321/1546 1565/1326/1561 1566/1329/1562
f 1544/1324/1540 1543/1322/1539 1558/1328/1554 1559/1330/1555
f 1552/1308/1548 1551/1323/1547 1566/1329/1562 1567/1331/1563
f 1545/1310/1541 1544/1324/1540 1559/1330/1555 1560/1332/1556
f 1553/1309/1549 1552/1308/1548 1567/1331/1563 1568/1333/1564
f 1546/1311/1542 1545/1310/1541 1560/1332/1556 1561/1334/1557
f 1539/1313/1535 1192/1335/1188 1554/1336/1550
f 1418/1337/1414 1553/1309/1549 1568/1333/1564
f 1547/1315/1543 1546/1311/1542 1561/1334/1557 1562/1338/1558
f 1540/1316/1536 1539/1313/1535 1554/1336/1550 1555/1339/1551
f 1548/1317/1544 1547/1315/1543 1562/1338/1558 1563/1340/1559
f 1541/1318/1537 1540/1316/1536 1555/1339/1551 1556/1341/1552
f 1549/1319/1545 1548/1317/1544 1563/1340/1559 1564/1325/1560
f 1542/1320/1538 1541/1318/1537 1556/1341/1552 1557/1327/1553
f 1554/1336/1550 1192/1342/1188 1569/1343/1565
f 1418/1344/1414 1568/1333/1564 1583/1345/1579
f 1562/1338/1558 1561/1334/1557 1576/1346/1572 1577/1347/1573
f 1555/1339/1551 1554/1336/1550 1569/1343/1565 1570/1348/1566
f 1563/1340/1559 1562/1338/1558 1577/1347/1573 1578/1349/1574
f 1556/1341/1552 1555/1339/1551 1570/1348/1566 1571/1350/1567
f 1564/1325/1560 1563/1340/1559 1578/1349/1574 1579/1351/1575
f 1557/1327/1553 1556/1341/1552 1571/1350/1567 1572/1352/1568
f 1565/1326/1561 1564/1325/1560 1579/1351/1575 1580/1353/1576
f 1558/1328/1554 1557/1327/1553 1572/1352/1568 1573/1354/1569
f 1566/1329/1562 1565/1326/1561 1580/1353/1576 1581/1355/1577
f 1559/1330/1555 1558/1328/1554 1573/1354/1569 1574/1356/1570
f 1567/1331/1563 1566/1329/1562 1581/1355/1577 1582/1357/1578
f 1560/1332/1556 1559/1330/1555 1574/1356/1570 1575/1358/1571
f 1568/1333/1564 1567/1331/1563 1582/1357/1578 1583/1345/1579
f 1561/1334/1557 1560/1332/1556 1575/1358/1571 1576/1346/1572
f 1573/1354/1569 1572/1352/1568 1586/807/1582 1112/806/1108
f 1581/1355/1577 1580/1353/1576 1589/802/1585 1590/810/1586
f 1574/1356/1570 1573/1354/1569 1112/806/1108 1587/812/1583
f 1582/1357/1578 1581/1355/1577 1590/810/1586 1591/814/1587
f 1575/1358/1571 1574/1356/1570 1587/812/1583 1113/816/1109
f 1583/1345/1579 1582/1357/1578 1591/814/1587 1592/818/1588
f 1576/1346/1572 1575/1358/1571 1113/816/1109 1114/820/1110
f 1569/1343/1565 1192/1359/1188 1584/822/1580
f 1418/1360/1414 1583/1345/1579 1592/818/1588
f 1577/1347/1573 1576/1346/1572 1114/820/1110 1115/826/1111
f 1570/1348/1566 1569/1343/1565 1584/822/1580 1585/828/1581
f 1578/1349/1574 1577/1347/1573 1115/826/1111 1588/830/1584
f 1571/1350/1567 1570/1348/1566 1585/828/1581 1111/832/1107
f 1579/1351/1575 1578/1349/1574 1588/830/1584 1116/803/1112
f 1572/1352/1568 1571/1350/1567 1111/832/1107 1586/807/1582
f 1580/1353/1576 1579/1351/1575 1116/803/1112 1589/802/1585
f 2071/802/1585 1610/805/1576 1609/804/1575 1598/803/1112
f 1594/806/1108 1603/809/1569 1602/808/1568 2068/807/1582
f 2072/810/1586 1611/811/1577 1610/805/1576 2071/802/1585
f 2069/812/1583 1604/813/1570 1603/809/1569 1594/806/1108
f 2073/814/1587 1612/815/1578 1611/811/1577 2072/810/1586
f 1595/816/1109 1605/817/1571 1604/813/1570 2069/812/1583
f 2074/818/1588 1613/819/1579 1612/815/1578 2073/814/1587
f 1596/820/1110 1606/821/1572 1605/817/1571 1595/816/1109
f 2066/822/1580 1599/824/1565 1674/823/1188
f 1900/825/1414 1613/819/1579 2074/818/1588
f 1597/826/1111 1607/827/1573 1606/821/1572 1596/820/1110
f 2067/828/1581 1600/829/1566 1599/824/1565 2066/822/1580
f 2070/830/1584 1608/831/1574 1607/827/1573 1597/826/1111
f 1593/832/1107 1601/833/1567 1600/829/1566 2067/828/1581
f 1598/803/1112 1609/804/1575 1608/831/1574 2070/830/1584
f 2068/807/1582 1602/808/1568 1601/833/1567 1593/832/1107
f 1609/804/1575 1624/835/1560 1623/834/1559 1608/831/1574
f 1602/808/1568 1617/837/1553 1616/836/1552 1601/833/1567
f 1610/805/1576 1625/838/1561 1624/835/1560 1609/804/1575
f 1603/809/1569 1618/839/1554 1617/837/1553 1602/808/1568
f 1611/811/1577 1626/840/1562 1625/838/1561 1610/805/1576
f 1604/813/1570 1619/841/1555 1618/839/1554 1603/809/1569
f 1612/815/1578 1627/842/1563 1626/840/1562 1611/811/1577
f 1605/817/1571 1620/843/1556 1619/841/1555 1604/813/1570
f 1613/819/1579 1628/844/1564 1627/842/1563 1612/815/1578
f 1606/821/1572 1621/845/1557 1620/843/1556 1605/817/1571
f 1599/824/1565 1614/847/1550 1674/846/1188
f 1900/848/1414 1628/844/1564 1613/819/1579
f 1607/827/1573 1622/849/1558 1621/845/1557 1606/821/1572
f 1600/829/1566 1615/850/1551 1614/847/1550 1599/824/1565
f 1608/831/1574 1623/834/1559 1622/849/1558 1607/827/1573
f 1601/833/1567 1616/836/1552 1615/850/1551 1600/829/1566
f 1628/844/1564 1643/852/1589 1642/851/1548 1627/842/1563
f 1621/845/1557 1636/854/1542 1635/853/1541 1620/843/1556
f 1614/847/1550 1629/856/1535 1674/855/1188
f 1900/857/1414 1643/852/1589 1628/844/1564
f 1622/849/1558 1637/858/1543 1636/854/1542 1621/845/1557
f 1615/850/1551 1630/859/1536 1629/856/1535 1614/847/1550
f 1623/834/1559 1638/860/1544 1637/858/1543 1622/849/1558
f 1616/836/1552 1631/861/1537 1630/859/1536 1615/850/1551
f 1624/835/1560 1639/862/1545 1638/860/1544 1623/834/1559
f 1617/837/1553 1632/863/1538 1631/861/1537 1616/836/1552
f 1625/838/1561 1640/864/1546 1639/862/1545 1624/835/1560
f 1618/839/1554 1633/865/1539 1632/863/1538 1617/837/1553
f 1626/840/1562 1641/866/1547 1640/864/1546 1625/838/1561
f 1619/841/1555 1634/867/1540 1633/865/1539 1618/839/1554
f 1627/842/1563 1642/851/1548 1641/866/1547 1626/840/1562
f 1620/843/1556 1635/853/1541 1634/867/1540 1619/841/1555
f 1632/863/1538 1647/869/1523 1646/868/1522 1631/861/1537
f 1640/864/1546 1655/871/1531 1654/870/1530 1639/862/1545
f 1633/865/1539 1648/872/1524 1647/869/1523 1632/863/1538
f 1641/866/1547 1656/873/1532 1655/871/1531 1640/864/1546
f 1634/867/1540 1649/874/1525 1648/872/1524 1633/865/1539
f 1642/851/1548 1657/875/1533 1656/873/1532 1641/866/1547
f 1635/853/1541 1650/876/1526 1649/874/1525 1634/867/1540
f 1643/852/1589 1658/877/1534 1657/875/1533 1642/851/1548
f 1636/854/1542 1651/878/1527 1650/876/1526 1635/853/1541
f 1629/856/1535 1644/880/1520 1674/879/1188
f 1900/881/1414 1658/877/1534 1643/852/1589
f 1637/858/1543 1652/882/1528 1651/878/1527 1636/854/1542
f 1630/859/1536 1645/883/1521 1644/880/1520 1629/856/1535
f 1638/860/1544 1653/884/1529 1652/882/1528 1637/858/1543
f 1631/861/1537 1646/868/1522 1645/883/1521 1630/859/1536
f 1639/862/1545 1654/870/1530 1653/884/1529 1638/860/1544
f 1651/878/1527 1666/886/1512 1665/885/1511 1650/876/1526
f 1644/880/1520 1659/888/1590 1674/887/1188
f 1900/889/1414 1673/890/1591 1658/877/1534
f 1652/882/1528 1667/891/1513 1666/886/1512 1651/878/1527
f 1645/883/1521 1660/892/1506 1659/888/1590 1644/880/1520
f 1653/884/1529 1668/893/1514 1667/891/1513 1652/882/1528
f 1646/868/1522 1661/894/1507 1660/892/1506 1645/883/1521
f 1654/870/1530 1669/895/1515 1668/893/1514 1653/884/1529
f 1647/869/1523 1662/896/1508 1661/894/1507 1646/868/1522
f 1655/871/1531 1670/897/1516 1669/895/1515 1654/870/1530
f 1648/872/1524 1663/898/1509 1662/896/1508 1647/869/1523
f 1656/873/1532 1671/899/1517 1670/897/1516 1655/871/1531
f 1649/874/1525 1664/900/1510 1663/898/1509 1648/872/1524
f 1657/875/1533 1672/901/1518 1671/899/1517 1656/873/1532
f 1650/876/1526 1665/885/1511 1664/900/1510 1649/874/1525
f 1658/877/1534 1673/890/1591 1672/901/1518 1657/875/1533
f 1670/897/1516 1686/903/1501 1685/902/1500 1669/895/1515
f 1663/898/1509 1679/905/1494 1678/904/1493 1662/896/1508
f 1671/899/1517 1687/906/1502 1686/903/1501 1670/897/1516
f 1664/900/1510 1680/907/1495 1679/905/1494 1663/898/1509
f 1672/901/1518 1688/908/1503 1687/906/1502 1671/899/1517
f 1665/885/1511 1681/909/1496 1680/907/1495 1664/900/1510
f 1673/890/1591 1689/910/1504 1688/908/1503 1672/901/1518
f 1666/886/1512 1682/911/1497 1681/909/1496 1665/885/1511
f 1659/888/1590 1675/913/1490 1674/912/1188
f 1900/914/1414 1689/910/1504 1673/890/1591
f 1667/891/1513 1683/915/1498 1682/911/1497 1666/886/1512
f 1660/892/1506 1676/916/1491 1675/913/1490 1659/888/1590
f 1668/893/1514 1684/917/1499 1683/915/1498 1667/891/1513
f 1661/894/1507 1677/918/1492 1676/916/1491 1660/892/1506
f 1669/895/1515 1685/902/1500 1684/917/1499 1668/893/1514
f 1662/896/1508 1678/904/1493 1677/918/1492 1661/894/1507
f 1675/913/1490 1690/920/1475 1674/919/1188
f 1900/921/1414 1704/922/1489 1689/910/1504
f 1683/915/1498 1698/924/1483 1697/923/1482 1682/911/1497
f 1676/916/1491 1691/925/1476 1690/920/1475 1675/913/1490
f 1684/917/1499 1699/926/1484 1698/924/1483 1683/915/1498
f 1677/918/1492 1692/927/1592 1691/925/1476 1676/916/1491
f 1685/902/1500 1700/928/1485 1699/926/1484 1684/917/1499
f 1678/904/1493 1693/929/1478 1692/927/1592 1677/918/1492
f 1686/903/1501 1701/930/1486 1700/928/1485 1685/902/1500
f 1679/905/1494 1694/931/1479 1693/929/1478 1678/904/1493
f 1687/906/1502 1702/932/1593 1701/930/1486 1686/903/1501
f 1680/907/1495 1695/933/1480 1694/931/1479 1679/905/1494
f 1688/908/1503 1703/934/1488 1702/932/1593 1687/906/1502
f 1681/909/1496 1696/935/1481 1695/933/1480 1680/907/1495
f 1689/910/1504 1704/922/1489 1703/934/1488 1688/908/1503
f 1682/911/1497 1697/923/1482 1696/935/1481 1681/909/1496
f 1694/931/1479 1709/937/1464 1708/936/1463 1693/929/1478
f 1702/932/1593 1717/939/1472 1716/938/1471 1701/930/1486
f 1695/933/1480 1710/940/1465 1709/937/1464 1694/931/1479
f 1703/934/1488 1718/941/1473 1717/939/1472 1702/932/1593
f 1696/935/1481 1711/942/1466 1710/940/1465 1695/933/1480
f 1704/922/1489 1719/943/1474 1718/941/1473 1703/934/1488
f 1697/923/1482 1712/944/1467 1711/942/1466 1696/935/1481
f 1690/920/1475 1705/946/1460 1674/945/1188
f 1900/947/1414 1719/943/1474 1704/922/1489
f 1698/924/1483 1713/948/1468 1712/944/1467 1697/923/1482
f 1691/925/1476 1706/949/1461 1705/946/1460 1690/920/1475
f 1699/926/1484 1714/950/1469 1713/948/1468 1698/924/1483
f 1692/927/1592 1707/951/1462 1706/949/1461 1691/925/1476
f 1700/928/1485 1715/952/1470 1714/950/1469 1699/926/1484
f 1693/929/1478 1708/936/1463 1707/951/1462 1692/927/1592
f 1701/930/1486 1716/938/1471 1715/952/1470 1700/928/1485
f 1713/948/1468 1728/954/1453 1727/953/1452 1712/944/1467
f 1706/949/1461 1721/956/1446 1720/955/1445 1705/946/1460
f 1714/950/1469 1729/957/1454 1728/954/1453 1713/948/1468
f 1707/951/1462 1722/958/1447 1721/956/1446 1706/949/1461
f 1715/952/1470 1730/959/1455 1729/957/1454 1714/950/1469
f 1708/936/1463 1723/960/1448 1722/958/1447 1707/951/1462
f 1716/938/1471 1731/961/1456 1730/959/1455 1715/952/1470
f 1709/937/1464 1724/962/1449 1723/960/1448 1708/936/1463
f 1717/939/1472 1732/963/1457 1731/961/1456 1716/938/1471
f 1710/940/1465 1725/964/1450 1724/962/1449 1709/937/1464
f 1718/941/1473 1733/965/1458 1732/963/1457 1717/939/1472
f 1711/942/1466 1726/966/1451 1725/964/1450 1710/940/1465
f 1719/943/1474 1734/967/1459 1733/965/1458 1718/941/1473
f 1712/944/1467 1727/953/1452 1726/966/1451 1711/942/1466
f 1705/946/1460 1720/955/1445 1674/968/1188
f 1900/969/1414 1734/967/1459 1719/943/1474
f 1732/963/1457 1747/971/1442 1746/970/1441 1731/961/1456
f 1725/964/1450 1740/973/1435 1739/972/1434 1724/962/1449
f 1733/965/1458 1748/974/1443 1747/971/1442 1732/963/1457
f 1726/966/1451 1741/975/1436 1740/973/1435 1725/964/1450
f 1734/967/1459 1749/976/1444 1748/974/1443 1733/965/1458
f 1727/953/1452 1742/977/1437 1741/975/1436 1726/966/1451
f 1720/955/1445 1735/979/1430 1674/978/1188
f 1900/980/1414 1749/976/1444 1734/967/1459
f 1728/954/1453 1743/981/1438 1742/977/1437 1727/953/1452
f 1721/956/1446 1736/982/1431 1735/979/1430 1720/955/1445
f 1729/957/1454 1744/983/1439 1743/981/1438 1728/954/1453
f 1722/958/1447 1737/984/1432 1736/982/1431 1721/956/1446
f 1730/959/1455 1745/985/1440 1744/983/1439 1729/957/1454
f 1723/960/1448 1738/986/1433 1737/984/1432 1722/958/1447
f 1731/961/1456 1746/970/1441 1745/985/1440 1730/959/1455
f 1724/962/1449 1739/972/1434 1738/986/1433 1723/960/1448
f 1744/983/1439 1759/988/1424 1758/987/1423 1743/981/1438
f 1737/984/1432 1752/990/1417 1751/989/1416 1736/982/1431
f 1745/985/1440 1760/991/1425 1759/988/1424 1744/983/1439
f 1738/986/1433 1753/992/1418 1752/990/1417 1737/984/1432
f 1746/970/1441 1761/993/1426 1760/991/1425 1745/985/1440
f 1739/972/1434 1754/994/1419 1753/992/1418 1738/986/1433
f 1747/971/1442 1762/995/1427 1761/993/1426 1746/970/1441
f 1740/973/1435 1755/996/1420 1754/994/1419 1739/972/1434
f 1748/974/1443 1763/997/1428 1762/995/1427 1747/971/1442
f 1741/975/1436 1756/998/1421 1755/996/1420 1740/973/1435
f 1749/976/1444 1764/999/1594 1763/997/1428 1748/974/1443
f 1742/977/1437 1757/1000/1422 1756/998/1421 1741/975/1436
f 1735/979/1430 1750/1002/1415 1674/1001/1188
f 1900/1003/1414 1764/999/1594 1749/976/1444
f 1743/981/1438 1758/987/1423 1757/1000/1422 1742/977/1437
f 1736/982/1431 1751/989/1416 1750/1002/1415 1735/979/1430
f 1763/997/1428 1778/1005/1412 1777/1004/1411 1762/995/1427
f 1756/998/1421 1771/1007/1405 1770/1006/1404 1755/996/1420
f 1764/999/1594 1779/1008/1413 1778/1005/1412 1763/997/1428
f 1757/1000/1422 1772/1009/1406 1771/1007/1405 1756/998/1421
f 1750/1002/1415 1765/1011/1399 1674/1010/1188
f 1900/1012/1414 1779/1008/1413 1764/999/1594
f 1758/987/1423 1773/1013/1407 1772/1009/1406 1757/1000/1422
f 1751/989/1416 1766/1014/1400 1765/1011/1399 1750/1002/1415
f 1759/988/1424 1774/1015/1408 1773/1013/1407 1758/987/1423
f 1752/990/1417 1767/1016/1401 1766/1014/1400 1751/989/1416
f 1760/991/1425 1775/1017/1409 1774/1015/1408 1759/988/1424
f 1753/992/1418 1768/1018/1402 1767/1016/1401 1752/990/1417
f 1761/993/1426 1776/1019/1410 1775/1017/1409 1760/991/1425
f 1754/994/1419 1769/1020/1403 1768/1018/1402 1753/992/1418
f 1762/995/1427 1777/1004/1411 1776/1019/1410 1761/993/1426
f 1755/996/1420 1770/1006/1404 1769/1020/1403 1754/994/1419
f 1767/1016/1401 1782/1022/1386 1781/1021/1385 1766/1014/1400
f 1775/1017/1409 1790/1024/1394 1789/1023/1393 1774/1015/1408
f 1768/1018/1402 1783/1025/1387 1782/1022/1386 1767/1016/1401
f 1776/1019/1410 1791/1026/1395 1790/1024/1394 1775/1017/1409
f 1769/1020/1403 1784/1027/1388 1783/1025/1387 1768/1018/1402
f 1777/1004/1411 1792/1028/1396 1791/1026/1395 1776/1019/1410
f 1770/1006/1404 1785/1029/1389 1784/1027/1388 1769/1020/1403
f 1778/1005/1412 1793/1030/1397 1792/1028/1396 1777/1004/1411
f 1771/1007/1405 1786/1031/1390 1785/1029/1389 1770/1006/1404
f 1779/1008/1413 1794/1032/1398 1793/1030/1397 1778/1005/1412
f 1772/1009/1406 1787/1033/1391 1786/1031/1390 1771/1007/1405
f 1765/1011/1399 1780/1035/1384 1674/1034/1188
f 1900/1036/1414 1794/1032/1398 1779/1008/1413
f 1773/1013/1407 1788/1037/1392 1787/1033/1391 1772/1009/1406
f 1766/1014/1400 1781/1021/1385 1780/1035/1384 1765/1011/1399
f 1774/1015/1408 1789/1023/1393 1788/1037/1392 1773/1013/1407
f 1786/1031/1390 1801/1039/1375 1800/1038/1374 1785/1029/1389
f 1794/1032/1398 1809/1041/1383 1808/1040/1382 1793/1030/1397
f 1787/1033/1391 1802/1042/1376 1801/1039/1375 1786/1031/1390
f 1780/1035/1384 1795/1044/1369 1674/1043/1188
f 1900/1045/1414 1809/1041/1383 1794/1032/1398
f 1788/1037/1392 1803/1046/1377 1802/1042/1376 1787/1033/1391
f 1781/1021/1385 1796/1047/1595 1795/1044/1369 1780/1035/1384
f 1789/1023/1393 1804/1048/1378 1803/1046/1377 1788/1037/1392
f 1782/1022/1386 1797/1049/1371 1796/1047/1595 1781/1021/1385
f 1790/1024/1394 1805/1050/1379 1804/1048/1378 1789/1023/1393
f 1783/1025/1387 1798/1051/1372 1797/1049/1371 1782/1022/1386
f 1791/1026/1395 1806/1052/1380 1805/1050/1379 1790/1024/1394
f 1784/1027/1388 1799/1053/1373 1798/1051/1372 1783/1025/1387
f 1792/1028/1396 1807/1054/1381 1806/1052/1380 1791/1026/1395
f 1785/1029/1389 1800/1038/1374 1799/1053/1373 1784/1027/1388
f 1793/1030/1397 1808/1040/1382 1807/1054/1381 1792/1028/1396
f 1805/1050/1379 1820/1056/1364 1819/1055/1363 1804/1048/1378
f 1798/1051/1372 1813/1058/1357 1812/1057/1356 1797/1049/1371
f 1806/1052/1380 1821/1059/1365 1820/1056/1364 1805/1050/1379
f 1799/1053/1373 1814/1060/1358 1813/1058/1357 1798/1051/1372
f 1807/1054/1381 1822/1061/1366 1821/1059/1365 1806/1052/1380
f 1800/1038/1374 1815/1062/1359 1814/1060/1358 1799/1053/1373
f 1808/1040/1382 1823/1063/1367 1822/1061/1366 1807/1054/1381
f 1801/1039/1375 1816/1064/1360 1815/1062/1359 1800/1038/1374
f 1809/1041/1383 1824/1065/1368 1823/1063/1367 1808/1040/1382
f 1802/1042/1376 1817/1066/1361 1816/1064/1360 1801/1039/1375
f 1795/1044/1369 1810/1068/1354 1674/1067/1188
f 1900/1069/1414 1824/1065/1368 1809/1041/1383
f 1803/1046/1377 1818/1070/1362 1817/1066/1361 1802/1042/1376
f 1796/1047/1595 1811/1071/1355 1810/1068/1354 1795/1044/1369
f 1804/1048/1378 1819/1055/1363 1818/1070/1362 1803/1046/1377
f 1797/1049/1371 1812/1057/1356 1811/1071/1355 1796/1047/1595
f 1824/1065/1368 1839/1073/1353 1838/1072/1352 1823/1063/1367
f 1817/1066/1361 1832/1075/1346 1831/1074/1345 1816/1064/1360
f 1810/1068/1354 1825/1077/1339 1674/1076/1188
f 1900/1078/1414 1839/1073/1353 1824/1065/1368
f 1818/1070/1362 1833/1079/1347 1832/1075/1346 1817/1066/1361
f 1811/1071/1355 1826/1080/1340 1825/1077/1339 1810/1068/1354
f 1819/1055/1363 1834/1081/1348 1833/1079/1347 1818/1070/1362
f 1812/1057/1356 1827/1082/1341 1826/1080/1340 1811/1071/1355
f 1820/1056/1364 1835/1083/1349 1834/1081/1348 1819/1055/1363
f 1813/1058/1357 1828/1084/1342 1827/1082/1341 1812/1057/1356
f 1821/1059/1365 1836/1085/1350 1835/1083/1349 1820/1056/1364
f 1814/1060/1358 1829/1086/1343 1828/1084/1342 1813/1058/1357
f 1822/1061/1366 1837/1087/1351 1836/1085/1350 1821/1059/1365
f 1815/1062/1359 1830/1088/1344 1829/1086/1343 1814/1060/1358
f 1823/1063/1367 1838/1072/1352 1837/1087/1351 1822/1061/1366
f 1816/1064/1360 1831/1074/1345 1830/1088/1344 1815/1062/1359
f 1828/1084/1342 1843/1090/1327 1842/1089/1326 1827/1082/1341
f 1836/1085/1350 1851/1092/1335 1850/1091/1334 1835/1083/1349
f 1829/1086/1343 1844/1093/1328 1843/1090/1327 1828/1084/1342
f 1837/1087/1351 1852/1094/1336 1851/1092/1335 1836/1085/1350
f 1830/1088/1344 1845/1095/1329 1844/1093/1328 1829/1086/1343
f 1838/1072/1352 1853/1096/1337 1852/1094/1336 1837/1087/1351
f 1831/1074/1345 1846/1097/1330 1845/1095/1329 1830/1088/1344
f 1839/1073/1353 1854/1098/1338 1853/1096/1337 1838/1072/1352
f 1832/1075/1346 1847/1099/1331 1846/1097/1330 1831/1074/1345
f 1825/1077/1339 1840/1101/1324 1674/1100/1188
f 1900/1102/1414 1854/1098/1338 1839/1073/1353
f 1833/1079/1347 1848/1103/1332 1847/1099/1331 1832/1075/1346
f 1826/1080/1340 1841/1104/1325 1840/1101/1324 1825/1077/1339
f 1834/1081/1348 1849/1105/1333 1848/1103/1332 1833/1079/1347
f 1827/1082/1341 1842/1089/1326 1841/1104/1325 1826/1080/1340
f 1835/1083/1349 1850/1091/1334 1849/1105/1333 1834/1081/1348
f 1847/1099/1331 1862/1107/1316 1861/1106/1315 1846/1097/1330
f 1840/1101/1324 1855/1109/1309 1674/1108/1188
f 1900/1110/1414 1869/1111/1323 1854/1098/1338
f 1848/1103/1332 1863/1112/1317 1862/1107/1316 1847/1099/1331
f 1841/1104/1325 1856/1113/1310 1855/1109/1309 1840/1101/1324
f 1849/1105/1333 1864/1114/1318 1863/1112/1317 1848/1103/1332
f 1842/1089/1326 1857/1115/1311 1856/1113/1310 1841/1104/1325
f 1850/1091/1334 1865/1116/1319 1864/1114/1318 1849/1105/1333
f 1843/1090/1327 1858/1117/1312 1857/1115/1311 1842/1089/1326
f 1851/1092/1335 1866/1118/1320 1865/1116/1319 1850/1091/1334
f 1844/1093/1328 1859/1119/1313 1858/1117/1312 1843/1090/1327
f 1852/1094/1336 1867/1120/1321 1866/1118/1320 1851/1092/1335
f 1845/1095/1329 1860/1121/1314 1859/1119/1313 1844/1093/1328
f 1853/1096/1337 1868/1122/1322 1867/1120/1321 1852/1094/1336
f 1846/1097/1330 1861/1106/1315 1860/1121/1314 1845/1095/1329
f 1854/1098/1338 1869/1111/1323 1868/1122/1322 1853/1096/1337
f 1866/1118/1320 1881/1124/1305 1880/1123/1304 1865/1116/1319
f 1859/1119/1313 1874/1126/1298 1873/1125/1297 1858/1117/1312
f 1867/1120/1321 1882/1127/1306 1881/1124/1305 1866/1118/1320
f 1860/1121/1314 1875/1128/1299 1874/1126/1298 1859/1119/1313
f 1868/1122/1322 1883/1129/1307 1882/1127/1306 1867/1120/1321
f 1861/1106/1315 1876/1130/1300 1875/1128/1299 1860/1121/1314
f 1869/1111/1323 1884/1131/1308 1883/1129/1307 1868/1122/1322
f 1862/1107/1316 1877/1132/1301 1876/1130/1300 1861/1106/1315
f 1855/1109/1309 1870/1134/1294 1674/1133/1188
f 1900/1135/1414 1884/1131/1308 1869/1111/1323
f 1863/1112/1317 1878/1136/1302 1877/1132/1301 1862/1107/1316
f 1856/1113/1310 1871/1137/1295 1870/1134/1294 1855/1109/1309
f 1864/1114/1318 1879/1138/1303 1878/1136/1302 1863/1112/1317
f 1857/1115/1311 1872/1139/1296 1871/1137/1295 1856/1113/1310
f 1865/1116/1319 1880/1123/1304 1879/1138/1303 1864/1114/1318
f 1858/1117/1312 1873/1125/1297 1872/1139/1296 1857/1115/1311
f 1900/1140/1414 1899/1141/1293 1884/1131/1308
f 1878/1136/1302 1893/1143/1287 1892/1142/1286 1877/1132/1301
f 1871/1137/1295 1886/1145/1280 1885/1144/1279 1870/1134/1294
f 1879/1138/1303 1894/1146/1288 1893/1143/1287 1878/1136/1302
f 1872/1139/1296 1887/1147/1281 1886/1145/1280 1871/1137/1295
f 1880/1123/1304 1895/1148/1289 1894/1146/1288 1879/1138/1303
f 1873/1125/1297 1888/1149/1282 1887/1147/1281 1872/1139/1296
f 1881/1124/1305 1896/1150/1290 1895/1148/1289 1880/1123/1304
f 1874/1126/1298 1889/1151/1283 1888/1149/1282 1873/1125/1297
f 1882/1127/1306 1897/1152/1291 1896/1150/1290 1881/1124/1305
f 1875/1128/1299 1890/1153/1284 1889/1151/1283 1874/1126/1298
f 1883/1129/1307 1898/1154/1292 1897/1152/1291 1882/1127/1306
f 1876/1130/1300 1891/1155/1285 1890/1153/1284 1875/1128/1299
f 1884/1131/1308 1899/1141/1293 1898/1154/1292 1883/1129/1307
f 1877/1132/1301 1892/1142/1286 1891/1155/1285 1876/1130/1300
f 1870/1134/1294 1885/1144/1279 1674/1156/1188
f 1897/1152/1291 1913/1158/1276 1912/1157/1275 1896/1150/1290
f 1890/1153/1284 1906/1160/1269 1905/1159/1268 1889/1151/1283
f 1898/1154/1292 1914/1161/1277 1913/1158/1276 1897/1152/1291
f 1891/1155/1285 1907/1162/1270 1906/1160/1269 1890/1153/1284
f 1899/1141/1293 1915/1163/1278 1914/1161/1277 1898/1154/1292
f 1892/1142/1286 1908/1164/1271 1907/1162/1270 1891/1155/1285
f 1885/1144/1279 1901/1166/1264 1674/1165/1188
f 1900/1167/1414 1915/1163/1278 1899/1141/1293
f 1893/1143/1287 1909/1168/1272 1908/1164/1271 1892/1142/1286
f 1886/1145/1280 1902/1169/1265 1901/1166/1264 1885/1144/1279
f 1894/1146/1288 1910/1170/1273 1909/1168/1272 1893/1143/1287
f 1887/1147/1281 1903/1171/1266 1902/1169/1265 1886/1145/1280
f 1895/1148/1289 1911/1172/1274 1910/1170/1273 1894/1146/1288
f 1888/1149/1282 1904/1173/1267 1903/1171/1266 1887/1147/1281
f 1896/1150/1290 1912/1157/1275 1911/1172/1274 1895/1148/1289
f 1889/1151/1283 1905/1159/1268 1904/1173/1267 1888/1149/1282
f 1902/1169/1265 1917/1175/1250 1916/1174/1249 1901/1166/1264
f 1910/1170/1273 1925/1177/1258 1924/1176/1257 1909/1168/1272
f 1903/1171/1266 1918/1178/1251 1917/1175/1250 1902/1169/1265
f 1911/1172/1274 1926/1179/1259 1925/1177/1258 1910/1170/1273
f 1904/1173/1267 1919/1180/1252 1918/1178/1251 1903/1171/1266
f 1912/1157/1275 1927/1181/1260 1926/1179/1259 1911/1172/1274
f 1905/1159/1268 1920/1182/1253 1919/1180/1252 1904/1173/1267
f 1913/1158/1276 1928/1183/1261 1927/1181/1260 1912/1157/1275
f 1906/1160/1269 1921/1184/1254 1920/1182/1253 1905/1159/1268
f 1914/1161/1277 1929/1185/1262 1928/1183/1261 1913/1158/1276
f 1907/1162/1270 1922/1186/1255 1921/1184/1254 1906/1160/1269
f 1915/1163/1278 1930/1187/1263 1929/1185/1262 1914/1161/1277
f 1908/1164/1271 1923/1188/1256 1922/1186/1255 1907/1162/1270
f 1901/1166/1264 1916/1174/1249 1674/1189/1188
f 1900/1190/1414 1930/1187/1263 1915/1163/1278
f 1909/1168/1272 1924/1176/1257 1923/1188/1256 1908/1164/1271
f 1921/1184/1254 1936/1192/1239 1935/1191/1238 1920/1182/1253
f 1929/1185/1262 1944/1194/1247 1943/1193/1246 1928/1183/1261
f 1922/1186/1255 1937/1195/1240 1936/1192/1239 1921/1184/1254
f 1930/1187/1263 1945/1196/1248 1944/1194/1247 1929/1185/1262
f 1923/1188/1256 1938/1197/1241 1937/1195/1240 1922/1186/1255
f 1916/1174/1249 1931/1199/1234 1674/1198/1188
f 1900/1200/1414 1945/1196/1248 1930/1187/1263
f 1924/1176/1257 1939/1201/1242 1938/1197/1241 1923/1188/1256
f 1917/1175/1250 1932/1202/1235 1931/1199/1234 1916/1174/1249
f 1925/1177/1258 1940/1203/1243 1939/1201/1242 1924/1176/1257
f 1918/1178/1251 1933/1204/1236 1932/1202/1235 1917/1175/1250
f 1926/1179/1259 1941/1205/1244 1940/1203/1243 1925/1177/1258
f 1919/1180/1252 1934/1206/1237 1933/1204/1236 1918/1178/1251
f 1927/1181/1260 1942/1207/1245 1941/1205/1244 1926/1179/1259
f 1920/1182/1253 1935/1191/1238 1934/1206/1237 1919/1180/1252
f 1928/1183/1261 1943/1193/1246 1942/1207/1245 1927/1181/1260
f 1940/1203/1243 1955/1209/1228 1954/1208/1227 1939/1201/1242
f 1933/1204/1236 1948/1211/1221 1947/1210/1220 1932/1202/1235
f 1941/1205/1244 1956/1212/1229 1955/1209/1228 1940/1203/1243
f 1934/1206/1237 1949/1213/1222 1948/1211/1221 1933/1204/1236
f 1942/1207/1245 1957/1214/1230 1956/1212/1229 1941/1205/1244
f 1935/1191/1238 1950/1215/1223 1949/1213/1222 1934/1206/1237
f 1943/1193/1246 1958/1216/1231 1957/1214/1230 1942/1207/1245
f 1936/1192/1239 1951/1217/1224 1950/1215/1223 1935/1191/1238
f 1944/1194/1247 1959/1218/1232 1958/1216/1231 1943/1193/1246
f 1937/1195/1240 1952/1219/1225 1951/1217/1224 1936/1192/1239
f 1945/1196/1248 1960/1220/1233 1959/1218/1232 1944/1194/1247
f 1938/1197/1241 1953/1221/1226 1952/1219/1225 1937/1195/1240
f 1931/1199/1234 1946/1223/1219 1674/1222/1188
f 1900/1224/1414 1960/1220/1233 1945/1196/1248
f 1939/1201/1242 1954/1208/1227 1953/1221/1226 1938/1197/1241
f 1932/1202/1235 1947/1210/1220 1946/1223/1219 1931/1199/1234
f 1959/1225/1232 1974/1228/1217 1973/1227/1216 1958/1226/1231
f 1952/1229/1225 1967/1232/1210 1966/1231/1209 1951/1230/1224
f 1960/1233/1233 1975/1234/1218 1974/1228/1217 1959/1225/1232
f 1953/1235/1226 1968/1236/1211 1967/1232/1210 1952/1229/1225
f 1946/1237/1219 1961/1239/1204 1674/1238/1188
f 1900/1240/1414 1975/1234/1218 1960/1233/1233
f 1954/1241/1227 1969/1242/1212 1968/1236/1211 1953/1235/1226
f 1947/1243/1220 1962/1244/1205 1961/1239/1204 1946/1237/1219
f 1955/1245/1228 1970/1246/1213 1969/1242/1212 1954/1241/1227
f 1948/1247/1221 1963/1248/1206 1962/1244/1205 1947/1243/1220
f 1956/1249/1229 1971/1250/1214 1970/1246/1213 1955/1245/1228
f 1949/1251/1222 1964/1252/1207 1963/1248/1206 1948/1247/1221
f 1957/1253/1230 1972/1254/1215 1971/1250/1214 1956/1249/1229
f 1950/1255/1223 1965/1256/1208 1964/1252/1207 1949/1251/1222
f 1958/1226/1231 1973/1227/1216 1972/1254/1215 1957/1253/1230
f 1951/1230/1224 1966/1231/1209 1965/1256/1208 1950/1255/1223
f 1963/1248/1206 1978/1258/1191 1977/1257/1190 1962/1244/1205
f 1971/1250/1214 1986/1260/1199 1985/1259/1198 1970/1246/1213
f 1964/1252/1207 1979/1261/1192 1978/1258/1191 1963/1248/1206
f 1972/1254/1215 1987/1262/1200 1986/1260/1199 1971/1250/1214
f 1965/1256/1208 1980/1263/1193 1979/1261/1192 1964/1252/1207
f 1973/1227/1216 1988/1264/1201 1987/1262/1200 1972/1254/1215
f 1966/1231/1209 1981/1265/1194 1980/1263/1193 1965/1256/1208
f 1974/1228/1217 1989/1266/1202 1988/1264/1201 1973/1227/1216
f 1967/1232/1210 1982/1267/1195 1981/1265/1194 1966/1231/1209
f 1975/1234/1218 1990/1268/1203 1989/1266/1202 1974/1228/1217
f 1968/1236/1211 1983/1269/1196 1982/1267/1195 1967/1232/1210
f 1961/1239/1204 1976/1271/1189 1674/1270/1188
f 1900/1272/1414 1990/1268/1203 1975/1234/1218
f 1969/1242/1212 1984/1273/1197 1983/1269/1196 1968/1236/1211
f 1962/1244/1205 1977/1257/1190 1976/1271/1189 1961/1239/1204
f 1970/1246/1213 1985/1259/1198 1984/1273/1197 1969/1242/1212
f 1982/1267/1195 1997/1275/1179 1996/1274/1178 1981/1265/1194
f 1990/1268/1203 2005/1277/1187 2004/1276/1186 1989/1266/1202
f 1983/1269/1196 1998/1278/1180 1997/1275/1179 1982/1267/1195
f 1976/1271/1189 1991/1280/1173 1674/1279/1188
f 1900/1281/1414 2005/1277/1187 1990/1268/1203
f 1984/1273/1197 1999/1282/1181 1998/1278/1180 1983/1269/1196
f 1977/1257/1190 1992/1283/1174 1991/1280/1173 1976/1271/1189
f 1985/1259/1198 2000/1284/1182 1999/1282/1181 1984/1273/1197
f 1978/1258/1191 1993/1285/1175 1992/1283/1174 1977/1257/1190
f 1986/1260/1199 2001/1286/1183 2000/1284/1182 1985/1259/1198
f 1979/1261/1192 1994/1287/1176 1993/1285/1175 1978/1258/1191
f 1987/1262/1200 2002/1288/1184 2001/1286/1183 1986/1260/1199
f 1980/1263/1193 1995/1289/1177 1994/1287/1176 1979/1261/1192
f 1988/1264/1201 2003/1290/1185 2002/1288/1184 1987/1262/1200
f 1981/1265/1194 1996/1274/1178 1995/1289/1177 1980/1263/1193
f 1989/1266/1202 2004/1276/1186 2003/1290/1185 1988/1264/1201
f 2001/1286/1183 2016/1292/1168 2015/1291/1167 2000/1284/1182
f 1994/1287/1176 2009/1294/1161 2008/1293/1160 1993/1285/1175
f 2002/1288/1184 2017/1295/1169 2016/1292/1168 2001/1286/1183
f 1995/1289/1177 2010/1296/1162 2009/1294/1161 1994/1287/1176
f 2003/1290/1185 2018/1297/1170 2017/1295/1169 2002/1288/1184
f 1996/1274/1178 2011/1298/1163 2010/1296/1162 1995/1289/1177
f 2004/1276/1186 2019/1299/1171 2018/1297/1170 2003/1290/1185
f 1997/1275/1179 2012/1300/1164 2011/1298/1163 1996/1274/1178
f 2005/1277/1187 2020/1301/1172 2019/1299/1171 2004/1276/1186
f 1998/1278/1180 2013/1302/1165 2012/1300/1164 1997/1275/1179
f 1991/1280/1173 2006/1304/1158 1674/1303/1188
f 1900/1305/1414 2020/1301/1172 2005/1277/1187
f 1999/1282/1181 2014/1306/1166 2013/1302/1165 1998/1278/1180
f 1992/1283/1174 2007/1307/1159 2006/1304/1158 1991/1280/1173
f 2000/1284/1182 2015/1291/1167 2014/1306/1166 1999/1282/1181
f 1993/1285/1175 2008/1293/1160 2007/1307/1159 1992/1283/1174
f 2020/1301/1172 2035/1309/1596 2034/1308/1156 2019/1299/1171
f 2013/1302/1165 2028/1311/1150 2027/1310/1149 2012/1300/1164
f 2006/1304/1158 2021/1313/1143 1674/1312/1188
f 1900/1314/1414 2035/1309/1596 2020/1301/1172
f 2014/1306/1166 2029/1315/1151 2028/1311/1150 2013/1302/1165
f 2007/1307/1159 2022/1316/1144 2021/1313/1143 2006/1304/1158
f 2015/1291/1167 2030/1317/1152 2029/1315/1151 2014/1306/1166
f 2008/1293/1160 2023/1318/1145 2022/1316/1144 2007/1307/1159
f 2016/1292/1168 2031/1319/1153 2030/1317/1152 2015/1291/1167
f 2009/1294/1161 2024/1320/1146 2023/1318/1145 2008/1293/1160
f 2017/1295/1169 2032/1321/1154 2031/1319/1153 2016/1292/1168
f 2010/1296/1162 2025/1322/1147 2024/1320/1146 2009/1294/1161
f 2018/1297/1170 2033/1323/1155 2032/1321/1154 2017/1295/1169
f 2011/1298/1163 2026/1324/1148 2025/1322/1147 2010/1296/1162
f 2019/1299/1171 2034/1308/1156 2033/1323/1155 2018/1297/1170
f 2012/1300/1164 2027/1310/1149 2026/1324/1148 2011/1298/1163
f 2032/1321/1154 2047/1326/1139 2046/1325/1138 2031/1319/1153
f 2025/1322/1147 2040/1328/1132 2039/1327/1131 2024/1320/1146
f 2033/1323/1155 2048/1329/1140 2047/1326/1139 2032/1321/1154
f 2026/1324/1148 2041/1330/1133 2040/1328/1132 2025/1322/1147
f 2034/1308/1156 2049/1331/1141 2048/1329/1140 2033/1323/1155
f 2027/1310/1149 2042/1332/1134 2041/1330/1133 2026/1324/1148
f 2035/1309/1596 2050/1333/1142 2049/1331/1141 2034/1308/1156
f 2028/1311/1150 2043/1334/1135 2042/1332/1134 2027/1310/1149
f 2021/1313/1143 2036/1336/1128 1674/1335/1188
f 1900/1337/1414 2050/1333/1142 2035/1309/1596
f 2029/1315/1151 2044/1338/1136 2043/1334/1135 2028/1311/1150
f 2022/1316/1144 2037/1339/1129 2036/1336/1128 2021/1313/1143
f 2030/1317/1152 2045/1340/1137 2044/1338/1136 2029/1315/1151
f 2023/1318/1145 2038/1341/1130 2037/1339/1129 2022/1316/1144
f 2031/1319/1153 2046/1325/1138 2045/1340/1137 2030/1317/1152
f 2024/1320/1146 2039/1327/1131 2038/1341/1130 2023/1318/1145
f 2036/1336/1128 2051/1343/1113 1674/1342/1188
f 1900/1344/1414 2065/1345/1127 2050/1333/1142
f 2044/1338/1136 2059/1347/1121 2058/1346/1120 2043/1334/1135
f 2037/1339/1129 2052/1348/1114 2051/1343/1113 2036/1336/1128
f 2045/1340/1137 2060/1349/1122 2059/1347/1121 2044/1338/1136
f 2038/1341/1130 2053/1350/1115 2052/1348/1114 2037/1339/1129
f 2046/1325/1138 2061/1351/1123 2060/1349/1122 2045/1340/1137
f 2039/1327/1131 2054/1352/1116 2053/1350/1115 2038/1341/1130
f 2047/1326/1139 2062/1353/1124 2061/1351/1123 2046/1325/1138
f 2040/1328/1132 2055/1354/1117 2054/1352/1116 2039/1327/1131
f 2048/1329/1140 2063/1355/1125 2062/1353/1124 2047/1326/1139
f 2041/1330/1133 2056/1356/1118 2055/1354/1117 2040/1328/1132
f 2049/1331/1141 2064/1357/1126 2063/1355/1125 2048/1329/1140
f 2042/1332/1134 2057/1358/1119 2056/1356/1118 2041/1330/1133
f 2050/1333/1142 2065/1345/1127 2064/1357/1126 2049/1331/1141
f 2043/1334/1135 2058/1346/1120 2057/1358/1119 2042/1332/1134
f 2055/1354/1117 1594/806/1108 2068/807/1582 2054/1352/1116
f 2063/1355/1125 2072/810/1586 2071/802/1585 2062/1353/1124
f 2056/1356/1118 2069/812/1583 1594/806/1108 2055/1354/1117
f 2064/1357/1126 2073/814/1587 2072/810/1586 2063/1355/1125
f 2057/1358/1119 1595/816/1109 2069/812/1583 2056/1356/1118
f 2065/1345/1127 2074/818/1588 2073/814/1587 2064/1357/1126
f 2058/1346/1120 1596/820/1110 1595/816/1109 2057/1358/1119
f 2051/1343/1113 2066/822/1580 1674/1359/1188
f 1900/1360/1414 2074/818/1588 2065/1345/1127
f 2059/1347/1121 1597/826/1111 1596/820/1110 2058/1346/1120
f 2052/1348/1114 2067/828/1581 2066/822/1580 2051/1343/1113
f 2060/1349/1122 2070/830/1584 1597/826/1111 2059/1347/1121
f 2053/1350/1115 1593/832/1107 2067/828/1581 2052/1348/1114
f 2061/1351/1123 1598/803/1112 2070/830/1584 2060/1349/1122
f 2054/1352/1116 2068/807/1582 1593/832/1107 2053/1350/1115
f 2062/1353/1124 2071/802/1585 1598/803/1112 2061/1351/1123
